scenario,code,horizon,calendar_horizon,completed,last_year,status,max_inflation,peak_mvi,peak_mvi_year,mean_tax_gdp,max_accounting_error,max_equity_error,real_gdp,nominal_gdp,inflation,usownership_share,mvi_gdp,tax_gdp,gini_wealth,gini_income,top10_wealth,top1_wealth,median_income,median_use_dividend,fiscal_issuance_gdp,net_seigniorage_gdp,burn_gdp,money_gdp,velocity,coverage_shortfall,labour_share,ordinary_discounted_dividends
slow,B0,10,2037,True,10,ok,0.0197706187626,0.0186868766226,1,0.203813774159,3.27380337948e-16,1.33226762955e-15,1.1749847947,1.27396147704,0.0197706187626,0,0.0163535400237,0.209487309715,0.737638876949,0.391313163534,0.655274457321,0.224719305492,0.471712102839,0,0.0226010200274,0.0226010200274,0,0.731415492543,1.36721194751,0.000323319605227,0.567067687542,1.89864870552
slow,B0,25,2052,True,25,ok,0.0202595296415,0.0186868766226,1,0.205361732722,3.27380337948e-16,1.33226762955e-15,1.55939050564,2.2807451704,0.0202595296415,0,0.0186787915876,0.206212693228,0.741919345116,0.409956549639,0.660426650251,0.226971421339,0.606157871473,0,0.0280975074353,0.0280975074353,0,0.717371792901,1.39397730702,0.000378423531836,0.523486082948,4.67126652894
slow,B0,50,2077,True,50,ok,0.0204793054887,0.0323616463335,50,0.208239099588,4.18278738484e-16,1.33226762955e-15,2.72828731106,6.61346134064,0.0204685276056,0,0.0323616463335,0.218380761694,0.755217438975,0.460230143371,0.677571928335,0.234587920939,0.84413308318,0,0.0295681311329,0.0295681311329,0,0.707616554148,1.41319475094,0.00066239525134,0.388747080155,10.0096708057
slow,B0,100,2127,True,100,ok,0.0204793054887,0.0475118900033,100,0.219820013092,4.18278738484e-16,1.33226762955e-15,7.34618566051,48.3693562346,0.0200243449384,0,0.0475118900033,0.23748975541,0.766561608039,0.485252895668,0.691748627444,0.240923203434,1.83996974312,0,0.0257032613156,0.0257032613156,0,0.700789765214,1.42696147923,0.0009513944741,0.30003873165,21.0659533014
slow,B1,10,2037,True,10,ok,0.0197676344549,0,1,0.186994624257,4.54955942214e-16,1.33226762955e-15,1.17474702652,1.2690085034,0.0197676344549,0,0,0.193038520968,0.74011587874,0.427141605991,0.655406513726,0.224566305087,0.48523017873,0,0.0226969000896,0.0226969000896,0,0.742862532673,1.34614407918,0.0155749653966,0.567067687542,1.89632429035
slow,B1,25,2052,True,25,ok,0.0201028742193,0,1,0.188029862932,4.54955942214e-16,1.33226762955e-15,1.55923359286,2.2693213696,0.0201028742193,0,0,0.187043728454,0.744976687275,0.450852599864,0.66074105241,0.22690916947,0.626449639518,0,0.0286207947623,0.0286207947623,0,0.729355917447,1.37107271783,0.017605930382,0.523486082948,4.66854735412
slow,B1,50,2077,True,50,ok,0.0201244025137,0,1,0.186825113502,4.54955942214e-16,1.33226762955e-15,2.7282067266,6.5324031999,0.020088082336,0,0,0.185226830898,0.761881985135,0.531040608482,0.679501017514,0.235043535399,0.89483794243,0,0.0304408195822,0.0304408195822,0,0.726757007947,1.37597572375,0.0294261373356,0.388747080155,10.0066550025
slow,B1,100,2127,True,100,ok,0.0201244025137,0,1,0.187151059588,4.54955942214e-16,1.33226762955e-15,7.34616706204,47.3950290242,0.019999596539,0,0,0.189058416679,0.777183801018,0.588889712616,0.696023472553,0.242197153523,2.00876048032,0,0.0266279431458,0.0266279431458,0,0.726060826412,1.37729507449,0.0420873378212,0.30003873165,21.0628140483
slow,B2,10,2037,True,10,ok,0.019764604902,0.116386863091,1,0.286541598992,3.50533917048e-16,1.33226762955e-15,1.17518107724,1.28204452157,0.019764604902,0,0.0988110600993,0.291913370837,0.731703655372,0.355144714963,0.650893824328,0.22320924691,0.519668204992,0,0.022633751234,0.022633751234,0,0.718706629794,1.39138830581,0.00382553677851,0.567067687542,1.90056694697
slow,B2,25,2052,True,25,ok,0.0204530083907,0.116386863091,1,0.290119321416,3.50533917048e-16,1.33226762955e-15,1.55952004581,2.29702203184,0.0200219308458,0,0.10585854002,0.293668524223,0.734932095703,0.369856630785,0.654836468817,0.224940482417,0.678422933138,0,0.0278716529734,0.0278716529734,0,0.705137841469,1.41816243746,0.00388268679656,0.523486082948,4.67351065991
slow,B2,50,2077,True,50,ok,0.0206791241108,0.145549472633,50,0.30140105707,6.1903989484e-16,1.33226762955e-15,2.72835383992,6.68747036154,0.0206125148561,0,0.145549472633,0.332232492153,0.744025317453,0.398543994123,0.666710207112,0.230307129571,1.0670468976,0,0.0288738120853,0.0288738120853,0,0.691841740842,1.44541726954,0.00293717637928,0.388747080155,10.0121598236
slow,B2,100,2127,True,100,ok,0.0206791241108,0.168918330885,100,0.326855943746,6.1903989484e-16,1.33226762955e-15,7.3462010152,48.9487454053,0.0200209781476,0,0.168918330885,0.359481361573,0.753872502605,0.415847546695,0.677893464554,0.235234572934,2.65570821053,0,0.0251188079346,0.0251188079346,0,0.684867728416,1.46013596277,0.00244702022895,0.30003873165,21.0685442376
slow,B3,10,2037,True,10,ok,0.118058886979,0.0816911105308,1,0.233900525605,3.67587238311e-16,1.33226762955e-15,1.17587929716,2.41986938796,0.0886761868364,0,0.0762120604535,0.233797932618,0.750097608981,0.374783205278,0.66930184606,0.231019660961,0.541547773078,0,0.0444944182472,0.0444944182472,0,0.537233375516,1.86138844974,0.00477522660853,0.567067687542,1.90754405316
slow,B3,25,2052,True,25,ok,0.118058886979,0.0836629883325,22,0.233649273782,3.67587238311e-16,1.33226762955e-15,1.55998088842,9.87383562896,0.0881592102139,0,0.0828809462429,0.233116970046,0.751347445735,0.391238902596,0.671042667439,0.231816323773,0.707100587395,0,0.0519402735024,0.0519402735024,0,0.544693929056,1.83589341951,0.00491594261338,0.523486082948,4.68164707993
slow,B3,50,2077,True,50,ok,0.166529710389,0.107236265434,50,0.232851370645,3.9076537962e-16,1.33226762955e-15,2.72859053238,303.03693022,0.166529710389,0,0.107236265434,0.231011673127,0.770053020427,0.442923592116,0.691069121987,0.240473704403,1.11750111532,0,0.064818160083,0.064818160083,0,0.432449628152,2.31240804686,0.00528509723212,0.388747080155,10.0211674637
slow,B3,100,2127,True,100,ok,0.253212027795,0.117653495729,100,0.231421174696,4.19605826016e-16,1.33226762955e-15,7.34625564446,24727788.1799,0.253212027795,0,0.117653495729,0.229625605182,0.788815864671,0.482859723335,0.709861705539,0.248217672914,2.73170880061,0,0.0635767961759,0.0635767961759,0,0.295737557382,3.38137640972,0.00678697087835,0.30003873165,21.0779144807
slow,B4,10,2037,True,10,ok,0.0820825818555,0.0790479129945,10,0.233900525605,3.24844995733e-16,1.33226762955e-15,1.17587929716,2.14851642631,0.0496198093337,0,0.0790479129945,0.233797932618,0.748612166272,0.37308152416,0.66806422072,0.230520623243,0.544882393371,0,0.0548496830915,0.0423675837308,0.0124820993608,0.542031262065,1.84491203734,0.00447069974115,0.567067687542,1.90754405316
slow,B4,25,2052,True,25,ok,0.0820825818555,0.0855761199634,22,0.233649273782,3.24844995733e-16,1.33226762955e-15,1.55998088842,7.37610645526,0.0678829857267,0,0.0844546323997,0.233116970046,0.752370955304,0.390259123953,0.672274644703,0.232356823392,0.709555507724,0,0.0573527435381,0.0443808145376,0.0129719290005,0.524105954765,1.90801113956,0.00474077879576,0.523486082948,4.68164707993
slow,B4,50,2077,True,50,ok,0.158874488839,0.107944640135,50,0.232851370645,3.82299618155e-16,1.33226762955e-15,2.72859053238,178.21529564,0.158874488839,0,0.107944640135,0.231011673127,0.773594241994,0.44243863152,0.69464343079,0.24187042055,1.11943397982,0,0.0667723345308,0.0546298770909,0.0121424574399,0.384169237411,2.60301945762,0.00519300852092,0.388747080155,10.0211674637
slow,B4,100,2127,True,100,ok,0.265643571794,0.116497866576,100,0.231421174696,3.82299618155e-16,1.33226762955e-15,7.34625564446,18168167.8393,0.265643571794,0,0.116497866576,0.229625605182,0.793224697117,0.483715180209,0.713913445928,0.249857181413,2.72321925342,0,0.0606968711841,0.0524924967067,0.00820437447742,0.236105803244,4.23538933081,0.00700046975477,0.30003873165,21.0779144807
slow,B5,10,2037,True,10,ok,0.019764604902,0.116386863091,1,0.286541598992,3.50533917048e-16,1.33226762955e-15,1.17518107724,1.28204452157,0.019764604902,0,0.0988110600993,0.291913370837,0.731703655372,0.355144714963,0.650893824328,0.22320924691,0.519668204992,0,0.022633751234,0.022633751234,0,0.718706629794,1.39138830581,0.00382553677851,0.567067687542,1.90056694697
slow,B5,25,2052,True,25,ok,0.0204530083907,0.116386863091,1,0.290119321416,3.50533917048e-16,1.33226762955e-15,1.55952004581,2.29702203184,0.0200219308458,0,0.10585854002,0.293668524223,0.734932095703,0.369856630785,0.654836468817,0.224940482417,0.678422933138,0,0.0278716529734,0.0278716529734,0,0.705137841469,1.41816243746,0.00388268679656,0.523486082948,4.67351065991
slow,B5,50,2077,True,50,ok,0.0206484401981,0.140724036346,50,0.300875211281,4.67579173418e-16,1.55431223448e-15,2.72361537107,6.65248162331,0.020405753326,0.0276824415558,0.140724036346,0.327430861514,0.727401303461,0.39697155399,0.652688531043,0.22479814903,1.07475919713,0.0277717307258,0.028893684024,0.028893684024,0,0.695623524952,1.43755920283,0.00291693400361,0.388747080155,9.9873231763
slow,B5,100,2127,True,100,ok,0.0206484401981,0.143959298581,57,0.305790468072,4.67579173418e-16,1.7763568394e-15,7.25014308001,47.9413464174,0.0200696247139,0.331903356101,0.0853922380227,0.275801153285,0.558354067769,0.387300527908,0.509240790628,0.168015692407,2.94584969476,1.09416915025,0.0252626376104,0.0252626376104,0,0.69133385025,1.44647914989,0.00335003804984,0.30003873165,19.1724630771
slow,B6,10,2037,True,10,ok,0.0198547675624,0.134089388925,1,0.278128306849,3.94445091738e-16,1.33226762955e-15,1.17520832907,1.28252895072,0.0198547675624,0,0.0937787736177,0.275180411007,0.73653564081,0.360148539876,0.655990754,0.225398653674,0.527620428696,0,0.0343153519285,0.0208310020158,0.0134843499127,0.658981017145,1.51749439511,0.00396995587708,0.567067687542,1.90086093948
slow,B6,25,2052,True,25,ok,0.0204529321887,0.134089388925,1,0.277365118452,3.94445091738e-16,1.33226762955e-15,1.55953803153,2.29816472426,0.0199990993301,0,0.101483275787,0.27847076391,0.739591718272,0.37460471382,0.659692340016,0.227028420307,0.687746829302,0,0.0386989768398,0.0255725959995,0.0131263808403,0.646792860867,1.5460900398,0.00401169585085,0.523486082948,4.67384989938
slow,B6,50,2077,True,50,ok,0.0206462054467,0.137450482882,50,0.287266283723,5.00206806864e-16,1.7763568394e-15,2.72362461546,6.65549417972,0.0204105361026,0.0276824415558,0.137450482882,0.313457688976,0.731436613809,0.402091246808,0.656622410366,0.226452340596,1.08756873104,0.0277974430496,0.0395922925551,0.0263650011125,0.0132272914425,0.636702354048,1.57059259109,0.00301968975592,0.388747080155,9.98769633183
slow,B6,100,2127,True,100,ok,0.0206462054467,0.140744618337,57,0.291505280611,5.00206806864e-16,2.44249065418e-15,7.25014522458,47.9614334152,0.0200723169776,0.331903356101,0.080180010852,0.259562895467,0.559294286804,0.392545192085,0.510600078179,0.168619261399,2.98434427643,1.09424468337,0.0362880990386,0.023170555624,0.0131175434146,0.633216107667,1.57923967488,0.0034728917332,0.30003873165,19.1728488981
slow,B7,10,2037,True,10,ok,0.019764604902,0.116386863091,1,0.286541598992,3.50533917048e-16,1.33226762955e-15,1.17518107724,1.28204452157,0.019764604902,0,0.0988110600993,0.291913370837,0.731703655372,0.355144714963,0.650893824328,0.22320924691,0.519668204992,0,0.022633751234,0.022633751234,0,0.718706629794,1.39138830581,0.00382553677851,0.567067687542,1.90056694697
slow,B7,25,2052,True,25,ok,0.0204530083907,0.116386863091,1,0.290119321416,3.50533917048e-16,1.33226762955e-15,1.55952004581,2.29702203184,0.0200219308458,0,0.10585854002,0.293668524223,0.734932095703,0.369856630785,0.654836468817,0.224940482417,0.678422933138,0,0.0278716529734,0.0278716529734,0,0.705137841469,1.41816243746,0.00388268679656,0.523486082948,4.67351065991
slow,B7,50,2077,True,50,ok,0.0206484401981,0.137543598223,50,0.300588169434,3.50533917048e-16,1.33226762955e-15,2.72361537107,6.65067115189,0.0203145910171,0.0276824415558,0.137543598223,0.324228053241,0.725458799266,0.398606656719,0.652019662168,0.224642879715,1.07343573077,0.0293737055207,0.0289353174883,0.0289353174883,0,0.695901495015,1.4369849859,0.00297511826739,0.388747080155,9.9873231763
slow,B7,100,2127,True,100,ok,0.0206484401981,0.137932107171,52,0.295224338449,3.69168681737e-16,1.55431223448e-15,7.25014308001,47.8413914367,0.0199796431202,0.331903356101,0.0407639709944,0.231095591733,0.529797660398,0.399598202599,0.500849147565,0.166103315016,2.82075382368,1.14134767053,0.0253589584649,0.0253589584649,0,0.693324320823,1.44232644084,0.00277679534048,0.30003873165,19.1724630771
slow,B8,10,2037,True,10,ok,0.119020686597,0.100079224329,3,0.263758723638,2.78391779185e-16,1.33226762955e-15,1.17585484647,1.53081833746,0.119020686597,0,0.0728091742832,0.228914253966,0.745289824794,0.377239870409,0.664448863986,0.228953239636,0.541580908651,0,0.0404953966403,0.0223145246318,0.0181808720085,0.580177640427,1.72361002962,0.00505944737879,0.567067687542,1.90733221725
slow,B8,25,2052,True,25,ok,0.123959568349,0.135833714649,17,0.287368056712,2.78391779185e-16,1.33226762955e-15,1.54001738747,2.18437757877,0.0319932721188,0,0.096837334188,0.266294766542,0.730815172285,0.37899705991,0.650703533169,0.223213547752,0.684752124575,0,0.043722251994,0.0281633086493,0.0155589433447,0.732246024882,1.36566122044,0.00425782976443,0.523486082948,4.56011971197
slow,B8,50,2077,True,50,ok,0.149553724302,0.173469560157,36,0.302437724125,4.30954234571e-16,1.55431223448e-15,2.66483905291,8.37205925729,0.132370951305,0.0276824415558,0.114869327621,0.270951597341,0.742637978062,0.425113339175,0.666955955184,0.230747568338,1.06855581975,0.0272318152416,0.038200354491,0.0195890138703,0.0186113406207,0.509314360628,1.96342392303,0.00466339616181,0.388747080155,9.55953268859
slow,B8,100,2127,True,100,ok,0.160167598879,0.189332470219,56,0.316154751161,4.30954234571e-16,1.7763568394e-15,6.25072424601,45.5201117542,-0.02,0.331903356101,0.119209857809,0.330939165313,0.552315122207,0.356818606753,0.505582268309,0.166761112507,2.52856792295,0.944585433797,0.0384633664041,0.0256040409247,0.0128593254794,0.665705064042,1.50216673121,0.00454169412825,0.30003873165,18.034149563
slow,B9,10,2037,False,5,nominal_collapse,7580.28370909,0.00778001595659,1,0,1.90047440535e-16,1.33226762955e-15,,,,,,,,,,,,,,,,,,,,
slow,B9,25,2052,False,5,nominal_collapse,7580.28370909,0.00778001595659,1,0,1.90047440535e-16,1.33226762955e-15,,,,,,,,,,,,,,,,,,,,
slow,B9,50,2077,False,5,nominal_collapse,7580.28370909,0.00778001595659,1,0,1.90047440535e-16,1.33226762955e-15,,,,,,,,,,,,,,,,,,,,
slow,B9,100,2127,False,5,nominal_collapse,7580.28370909,0.00778001595659,1,0,1.90047440535e-16,1.33226762955e-15,,,,,,,,,,,,,,,,,,,,
medium,B0,10,2037,True,10,ok,0.0202706442223,0.0185348091441,1,0.196798668633,2.7555862014e-16,1.33226762955e-15,1.31261529573,1.42734885927,0.0202706442223,0,0.0182555447935,0.199146586188,0.73800035132,0.412175963783,0.656196890769,0.225169769385,0.515650540458,0,0.0347380186458,0.0347380186458,0,0.727619054324,1.37434553707,0.000370051653593,0.521733175164,2.18535190802
medium,B0,25,2052,True,25,ok,0.0213022866675,0.0390272878914,25,0.196869047477,3.42838138229e-16,1.33226762955e-15,2.69867098387,4.00975306855,0.0212865483476,0,0.0390272878914,0.205670853763,0.751914563166,0.487666468887,0.676131603622,0.234107928846,0.762332765199,0,0.0487710015244,0.0487710015244,0,0.700664418104,1.42721675907,0.000830756250576,0.326653912733,8.08434902307
medium,B0,50,2077,True,50,ok,0.0213022866675,0.0707360004124,50,0.218391514583,3.42838138229e-16,1.33226762955e-15,6.48099859857,16.0486126946,0.0201282358168,0,0.0707360004124,0.250118697084,0.768232421501,0.51243250778,0.697948029192,0.243997544477,1.61280626261,0,0.0362764648691,0.0362764648691,0,0.689709274806,1.44988625864,0.00142379089704,0.195167297723,26.7485955298
medium,B0,100,2127,True,100,ok,0.0213022866675,0.0743689275659,100,0.240285326817,3.68927321104e-16,1.33226762955e-15,18.1132884257,120.85868588,0.0200006724847,0,0.0743689275659,0.26490507979,0.774276113215,0.507325503574,0.703127793839,0.246056173913,4.5048288693,0,0.0251499800843,0.0251499800843,0,0.689331788073,1.45068023454,0.00148742856329,0.189045671081,62.1552738534
medium,B1,10,2037,True,10,ok,0.0200591497594,0,1,0.179173374247,3.01642049669e-16,1.33226762955e-15,1.31235290921,1.42052823179,0.0200591497594,0,0,0.180492972598,0.741081609587,0.45183030463,0.656516491404,0.225074276295,0.532190787331,0,0.035180794999,0.035180794999,0,0.740118142501,1.35113563981,0.0172407607001,0.521733175164,2.18292958672
medium,B1,25,2052,True,25,ok,0.0204188388669,0,1,0.172937555582,3.68379805203e-16,1.33226762955e-15,2.69843981483,3.95102732043,0.0202224223243,0,0,0.164999031484,0.761751523372,0.571125784977,0.679447395108,0.235016072385,0.81751773304,0,0.0506402204929,0.0506402204929,0,0.723135651214,1.38286640732,0.0353501794503,0.326653912733,8.08118570165
medium,B1,50,2077,True,50,ok,0.0204188388669,0,1,0.174995400633,3.68379805203e-16,1.33226762955e-15,6.48099859857,15.5791000139,0.0200131065021,0,0,0.177690663922,0.788228260312,0.662198100655,0.707828962524,0.247266178851,1.41959080683,0,0.0379928391604,0.0379928391604,0,0.723261200967,1.38262635776,0.0621421891412,0.195167297723,26.7453372353
medium,B1,100,2127,True,100,ok,0.0204188388669,0,1,0.181023418501,3.68379805203e-16,1.33226762955e-15,18.1132789296,117.074948405,0.0199972184216,0,0,0.189262976034,0.792683594677,0.666637308475,0.712355424275,0.249158137219,3.83937605133,0,0.0264238866621,0.0264238866621,0,0.724248779814,1.38074102142,0.0650916723742,0.189045671081,62.1519384429
medium,B2,10,2037,True,10,ok,0.0201488411105,0.115094557185,1,0.280811090674,3.48990560409e-16,1.33226762955e-15,1.31282799069,1.43706193075,0.0199599745405,0,0.102837395441,0.283988959139,0.731053125851,0.37384443211,0.65071505336,0.223191495562,0.575015549141,0,0.0345431748126,0.0345431748126,0,0.714180675355,1.40020590658,0.0040061735538,0.521733175164,2.1873157823
medium,B2,25,2052,True,25,ok,0.0216735344638,0.157673542367,25,0.292907530316,3.48990560409e-16,1.33226762955e-15,2.69885838197,4.05620665872,0.0214885186882,0,0.157673542367,0.3253998522,0.737645408532,0.420809234791,0.66152586076,0.228243401575,1.02525425894,0,0.0476456654515,0.0476456654515,0,0.684331209113,1.46128071712,0.00264508394786,0.326653912733,8.08691358065
medium,B2,50,2077,True,50,ok,0.0216735344638,0.190278127991,50,0.326486018477,3.48990560409e-16,1.33226762955e-15,6.48099859857,16.215309252,0.0201187310913,0,0.190278127991,0.370401464583,0.753777717856,0.444891132662,0.679899634683,0.236212051161,2.18294542432,0,0.0355378343038,0.0355378343038,0,0.67547245212,1.4804452748,0.00214069725563,0.195167297723,26.7512370779
medium,B2,100,2127,True,100,ok,0.0216735344638,0.193655774929,100,0.35427198382,3.90276013765e-16,1.33226762955e-15,18.1132961244,122.120988974,0.0200009679477,0,0.193655774929,0.384711880935,0.761657432774,0.43958433265,0.687177897791,0.239138403528,6.03149350877,0,0.0246299638243,0.0246299638243,0,0.675079156794,1.48130776952,0.00204876912343,0.189045671081,62.1579779219
medium,B3,10,2037,True,10,ok,0.113943059545,0.082425155238,9,0.233578155452,3.50680027922e-16,1.33226762955e-15,1.31360502014,2.59777961285,0.0936503142341,0,0.082208679233,0.233089580862,0.74913689786,0.392502242016,0.668696444079,0.230804659935,0.593715209057,0,0.0502802896007,0.0502802896007,0,0.540959469207,1.84856732699,0.00503160291826,0.521733175164,2.19462528084
medium,B3,25,2052,True,25,ok,0.195372138846,0.118664336587,25,0.232358553866,3.9338844007e-16,1.33226762955e-15,2.69954306048,27.9675749166,0.195372138846,0,0.118664336587,0.230041467386,0.766645520422,0.467724210513,0.688347795402,0.239418440141,1.04979902454,0,0.0726659741472,0.0726659741472,0,0.427017413875,2.34182487062,0.00558239268353,0.326653912733,8.09641765187
medium,B3,50,2077,True,50,ok,0.402504385575,0.124354620983,46,0.230464139339,3.9338844007e-16,1.33226762955e-15,6.48099859857,75560.6681545,0.402504385575,0,0.123830292545,0.227986989027,0.799784068832,0.537159685241,0.720378324338,0.252578451338,2.09951003984,0,0.052705558113,0.052705558113,0,0.177232209565,5.64231525665,0.0128297185592,0.195167297723,26.761022444
medium,B3,100,2127,True,100,ok,0.450306409792,0.124354620983,46,0.2291841106,3.9338844007e-16,1.33226762955e-15,18.1133242583,1.82803794177e+13,0.450306409792,0,0.121065469266,0.227891338611,0.804796727363,0.543007890318,0.724783860595,0.254400706451,5.77226319825,0,0.0448662134553,0.0448662134553,0,0.13925957426,7.18083482097,0.0142665477399,0.189045671081,62.1679917579
medium,B4,10,2037,True,10,ok,0.0762516290465,0.0853980372593,9,0.233578155452,2.21280302015e-16,1.33226762955e-15,1.31360502014,2.36190726422,0.0599298565312,0,0.0848240544617,0.233089580862,0.748805580499,0.390869442493,0.66862574019,0.230796632623,0.597150779087,0,0.0592953783562,0.0462597951809,0.0130355831753,0.533284704361,1.87517097682,0.00473582027519,0.521733175164,2.19462528084
medium,B4,25,2052,True,25,ok,0.191826704802,0.119017338057,25,0.232358553866,3.78994489083e-16,1.33226762955e-15,2.69954306048,23.8819761142,0.191826704802,0,0.119017338057,0.230041467386,0.771282737957,0.467472438361,0.692938284278,0.241204042536,1.05075196721,0,0.0735664651871,0.0611153402701,0.012451124917,0.369550102301,2.70599302712,0.00552944246303,0.326653912733,8.09641765187
medium,B4,50,2077,True,50,ok,0.450639926924,0.12105573329,38,0.230464139339,3.78994489083e-16,1.33226762955e-15,6.48099859857,110191.819505,0.450639926924,0,0.119721321011,0.227986989027,0.803972842293,0.540546526527,0.724010500831,0.254057974863,2.07287980108,0,0.0433915392043,0.0393766442561,0.00401489494817,0.1231837127,8.11795632783,0.01406502689,0.195167297723,26.761022444
medium,B4,100,2127,True,100,ok,0.495106988507,0.12105573329,38,0.2291841106,3.78994489083e-16,1.33226762955e-15,18.1133242583,1.28496447248e+14,0.495106988507,0,0.117437766949,0.227891338611,0.807436863891,0.546042269327,0.727051176781,0.255327294491,5.70655344988,0,0.0366930885383,0.0339216251898,0.00277146334854,0.0990269176054,10.0982644334,0.0153953086223,0.189045671081,62.1679917579
medium,B5,10,2037,True,10,ok,0.0201488411105,0.115094557185,1,0.280811090674,3.48990560409e-16,1.33226762955e-15,1.31282799069,1.43706193075,0.0199599745405,0,0.102837395441,0.283988959139,0.731053125851,0.37384443211,0.65071505336,0.223191495562,0.575015549141,0,0.0345431748126,0.0345431748126,0,0.714180675355,1.40020590658,0.0040061735538,0.521733175164,2.1873157823
medium,B5,25,2052,True,25,ok,0.0212451432752,0.149583113671,25,0.291603920804,3.48990560409e-16,1.33226762955e-15,2.69114551496,4.01790502423,0.0207980097033,0.0385337570129,0.149583113671,0.317153754632,0.715319769893,0.419135962175,0.642602818247,0.220737705847,1.03807681557,0.0446388627265,0.0479470206221,0.0479470206221,0,0.691750454576,1.44560801281,0.00264147016099,0.326653912733,8.03226567717
medium,B5,50,2077,True,50,ok,0.0212451432752,0.154480112184,29,0.30342908467,3.48990560409e-16,1.55431223448e-15,6.48099859857,16.0062183877,0.0202589559027,0.296692477446,0.105694037906,0.285329182097,0.583237114048,0.419788065213,0.533433223246,0.177655537015,2.3917945521,1.05784265739,0.0359963861447,0.0359963861447,0,0.686721886952,1.4561935756,0.00291527932206,0.195167297723,23.6150236181
medium,B5,100,2127,True,100,ok,0.0212451432752,0.154480112184,29,0.265969173587,4.02776969555e-16,1.55431223448e-15,17.6732922503,118.964150228,0.0205583037788,0.662856612498,0,0.191066285449,0.373695558902,0.334799638958,0.34350780918,0.100817908505,7.92890858016,6.49943979649,0.0245019963294,0.0245019963294,0,0.674933248898,1.48162800045,0.00256628880021,0.189045671081,41.4703624791
medium,B6,10,2037,True,10,ok,0.0202597061807,0.13278689108,1,0.273648353261,2.02638562857e-16,1.33226762955e-15,1.31285775012,1.4375744945,0.020002604087,0,0.0986193338312,0.269387365958,0.735923825577,0.378324189958,0.655822427598,0.225376989668,0.582523867554,0,0.0449176917321,0.0317454765426,0.0131722151895,0.654824976578,1.52712562252,0.00413555058075,0.521733175164,2.18761488421
medium,B6,25,2052,True,25,ok,0.0212580624138,0.147286792092,25,0.281569836095,3.42634035034e-16,1.33226762955e-15,2.69117176835,4.01978848182,0.020786689411,0.0385337570129,0.147286792092,0.306209521754,0.719407155282,0.42317370824,0.646601335598,0.222403821747,1.04722887786,0.044672584111,0.056597321963,0.0437638844673,0.0128334374957,0.632867220696,1.58011027795,0.00271216950181,0.326653912733,8.03264832064
medium,B6,50,2077,True,50,ok,0.0212580624138,0.151878218565,29,0.291861428202,4.42932007132e-16,1.55431223448e-15,6.48099859857,16.0123742163,0.0202719952786,0.296692477446,0.101641134962,0.271269050237,0.584163131483,0.424776937224,0.5345054497,0.178091319844,2.41526495339,1.0585189685,0.0460008592262,0.0328913461678,0.0131095130584,0.627682409827,1.59316237693,0.00302078031452,0.195167297723,23.6154166158
medium,B6,100,2127,True,100,ok,0.0212580624138,0.151878218565,29,0.252751834478,4.42932007132e-16,1.88737914186e-15,17.6732933943,119.197269695,0.0205543730207,0.662856612498,0,0.18076179363,0.37146797562,0.334667863151,0.342049044396,0.100462309502,8.07184813411,6.50383179797,0.0348073184293,0.0226193743233,0.0121879441059,0.619700235975,1.61368342619,0.00230516624059,0.189045671081,41.4707611591
medium,B7,10,2037,True,10,ok,0.0201488411105,0.115094557185,1,0.280811090674,3.48990560409e-16,1.33226762955e-15,1.31282799069,1.43706193075,0.0199599745405,0,0.102837395441,0.283988959139,0.731053125851,0.37384443211,0.65071505336,0.223191495562,0.575015549141,0,0.0345431748126,0.0345431748126,0,0.714180675355,1.40020590658,0.0040061735538,0.521733175164,2.1873157823
medium,B7,25,2052,True,25,ok,0.021245148428,0.145236458119,25,0.290885195755,3.48990560409e-16,1.33226762955e-15,2.69114551496,4.01650832839,0.0207596488428,0.0385337570129,0.145236458119,0.31279744252,0.712749634229,0.421237862853,0.641763638669,0.220561255547,1.03199261046,0.0466387330972,0.0479647764871,0.0479647764871,0,0.692166502091,1.44473908659,0.00266617715266,0.326653912733,8.03226567717
medium,B7,50,2077,True,50,ok,0.021245148428,0.146760727475,29,0.291879645228,3.48990560409e-16,1.33226762955e-15,6.48099859857,15.9730775045,0.0200391967471,0.296692477446,0.0596483896444,0.23913556509,0.560002945185,0.436373851106,0.527116595923,0.17662731365,2.2928130073,1.11091446104,0.0361908109513,0.0361908109513,0,0.688574186666,1.45227634054,0.00230557278064,0.195167297723,23.6150236181
medium,B7,100,2127,True,100,ok,0.021245148428,0.146760727475,29,0.243692879564,4.58121593563e-16,1.44328993201e-15,17.6732922503,121.566397968,0.0207362286276,0.662856612498,0,0.1917008696,0.291736753891,0.269667081023,0.315586744093,0.093733239035,7.91819775765,6.82005916394,0.0238298364044,0.0238298364044,0,0.656468640606,1.5233020104,0,0.189045671081,41.4703624791
medium,B8,10,2037,True,10,ok,0.0418475093898,0.10493229731,4,0.281693164827,3.76028267018e-16,1.33226762955e-15,1.31246542948,1.30181816578,0.0418475093898,0,0.0953439584503,0.265113233453,0.733559361856,0.380882389659,0.653284605657,0.22428818989,0.581864813707,0,0.0413940651377,0.0262398270327,0.015154238105,0.68223550285,1.46576951188,0.00441222690454,0.521733175164,2.185561135
medium,B8,25,2052,True,25,ok,0.0496205936579,0.173397715457,25,0.315222081875,3.76028267018e-16,1.33226762955e-15,2.54226017448,2.25311074918,-0.02,0.0385337570129,0.173397715457,0.365416252,0.707804039774,0.390318620699,0.636411241601,0.218260555514,0.977448370802,0.0422494552885,0.042081426332,0.0273041615818,0.0147772647502,0.709908201127,1.40863283226,0.00216223824652,0.326653912733,7.76276574767
medium,B8,50,2077,True,50,ok,0.0857325737218,0.173397715457,25,0.324790314814,3.76028267018e-16,1.33226762955e-15,6.4635760272,5.93481016764,-0.0138048160991,0.296692477446,0.110213283154,0.290072165666,0.57808476387,0.415254789877,0.528656672932,0.175724974817,2.39948700162,1.05591026444,0.0432206899617,0.0276336361706,0.0155870537911,0.718474540435,1.39183776699,0.00257103483501,0.195167297723,22.8882106411
medium,B8,100,2127,True,100,ok,0.176571182511,0.173397715457,25,0.278610511584,4.1828735316e-16,1.7763568394e-15,14.9571543156,60.9030694012,-0.02,0.662856612498,0.000887744183069,0.232115781112,0.367471831638,0.333221491133,0.340853414881,0.100631920239,6.24872793868,5.5023493542,0.0274107057734,0.0191369468848,0.00827375888865,0.497560619005,2.00980536201,0.009306763137,0.189045671081,39.7034161228
medium,B9,10,2037,False,5,nominal_collapse,4485.77909285,0.00807513428081,1,0,3.65855249485e-16,1.33226762955e-15,,,,,,,,,,,,,,,,,,,,
medium,B9,25,2052,False,5,nominal_collapse,4485.77909285,0.00807513428081,1,0,3.65855249485e-16,1.33226762955e-15,,,,,,,,,,,,,,,,,,,,
medium,B9,50,2077,False,5,nominal_collapse,4485.77909285,0.00807513428081,1,0,3.65855249485e-16,1.33226762955e-15,,,,,,,,,,,,,,,,,,,,
medium,B9,100,2127,False,5,nominal_collapse,4485.77909285,0.00807513428081,1,0,3.65855249485e-16,1.33226762955e-15,,,,,,,,,,,,,,,,,,,,
fast,B0,10,2037,True,10,ok,0.0222452611439,0.0342510981838,10,0.182131946847,3.85785307507e-16,1.33226762955e-15,1.72476336033,1.89484211606,0.0222452611439,0,0.0342510981838,0.223349322706,0.744592535322,0.462861980171,0.66623514262,0.229672221085,0.519069372384,0,0.0261143163058,0.0261143163058,0,0.714668240418,1.39925065009,0.000761924623564,0.377741476225,3.33865339424
fast,B0,25,2052,True,25,ok,0.0229623973875,0.0809728974166,25,0.222576125023,3.85785307507e-16,1.33226762955e-15,2.71517180932,4.11388480787,0.0202878646348,0,0.0809728974166,0.260398973095,0.770538557132,0.517885798663,0.701459573694,0.245577672939,0.67458720816,0,0.0361993449754,0.0361993449754,0,0.684578356601,1.4607531634,0.00164276718188,0.159198141048,13.7720997684
fast,B0,50,2077,True,50,ok,0.0229623973875,0.0824966625611,50,0.2421778279,3.89986814273e-16,1.33226762955e-15,6.40793127389,15.9422029422,0.0200001867552,0,0.0824966625611,0.261991705327,0.771115880775,0.518426202331,0.702370465074,0.24596198674,1.59186732343,0,0.0361911922536,0.0361911922536,0,0.68592915473,1.45787650679,0.0016499486579,0.154290745874,34.5798617653
fast,B0,100,2127,True,100,ok,0.0229623973875,0.0824976488541,100,0.252085536472,3.89986814273e-16,1.33226762955e-15,35.7878003575,239.648276736,0.0200000000001,0,0.0824976488541,0.261993341688,0.771138014511,0.518426131537,0.702387013711,0.245966180494,8.89045514497,0,0.0361905816763,0.0361905816763,0,0.685931724871,1.45787104422,0.00164995297709,0.154288000001,84.6088307528
fast,B1,10,2037,True,10,ok,0.0199229575284,0,1,0.16033465585,3.76056476324e-16,1.33226762955e-15,1.72476336033,1.8729476191,0.0199229575284,0,0,0.18752039968,0.75185330179,0.538006945971,0.668046028808,0.230039244223,0.553123829084,0,0.0281821672401,0.0281821672401,0,0.736379694408,1.35799507726,0.0309814421463,0.377741476225,3.33633822666
fast,B1,25,2052,True,25,ok,0.020397462092,0,1,0.17275698323,3.76056476324e-16,1.33226762955e-15,2.71517180932,3.97837827676,0.0200163469456,0,0,0.177855802755,0.793715569592,0.688525802788,0.713511487724,0.249673004578,0.544784877521,0,0.037827015132,0.037827015132,0,0.72263050292,1.38383308753,0.0711235874424,0.159198141048,13.7697846009
fast,B1,50,2077,True,50,ok,0.020397462092,0,1,0.175172850037,3.76056476324e-16,1.33226762955e-15,6.40793127389,15.404690793,0.020000014585,0,0,0.17755566906,0.795053129866,0.692163353808,0.715035861897,0.250284821434,1.2710490965,0,0.0381306023654,0.0381306023654,0,0.72270375338,1.38369282756,0.0723772263256,0.154290745874,34.5775465977
fast,B1,100,2127,True,100,ok,0.020397462092,0,1,0.176364201645,3.76056476324e-16,1.33226762955e-15,35.7878003575,231.568110507,0.02,0,0,0.177555546556,0.795063264922,0.69216539246,0.715046346801,0.250286981595,7.09866419545,0,0.0381307279535,0.0381307279535,0,0.722703940764,1.38369246879,0.0723779405675,0.154288000001,84.6065155853
fast,B2,10,2037,True,10,ok,0.0235184689047,0.149229632821,10,0.27092525032,3.82873300325e-16,1.33226762955e-15,1.72476336033,1.91464616649,0.0235184689047,0,0.149229632821,0.339298749857,0.73287255582,0.399437646287,0.655085119422,0.22531497988,0.666248269506,0,0.0248757097394,0.0248757097394,0,0.696638914072,1.43546388208,0.00286872515651,0.377741476225,3.34050368262
fast,B2,25,2052,True,25,ok,0.0236181455278,0.199935484828,25,0.329946511652,3.82873300325e-16,1.33226762955e-15,2.71517180932,4.15772378126,0.0202954674538,0,0.199935484828,0.380120138156,0.756255145898,0.450316635639,0.682855577052,0.237459184336,0.897734829235,0,0.0354391605743,0.0354391605743,0,0.670573754288,1.49126027317,0.00186907431091,0.159198141048,13.7739500568
fast,B2,50,2077,True,50,ok,0.0236181455278,0.201110347358,50,0.355568872183,3.82873300325e-16,1.33226762955e-15,6.40793127389,16.111039774,0.0200001516981,0,0.201110347358,0.381346688437,0.756920323233,0.451160395408,0.683673441009,0.237778686448,2.11335902871,0,0.0354499013526,0.0354499013526,0,0.671881994005,1.4883565997,0.00184597414769,0.154290745874,34.5817120537
fast,B2,100,2127,True,100,ok,0.0236181455278,0.201111011053,100,0.368458337116,3.95717863672e-16,1.33226762955e-15,35.7878003575,242.186261911,0.02,0,0.201111011053,0.381347871677,0.756949418972,0.451160652418,0.683699483732,0.237787010585,11.8029240722,0,0.0354494138851,0.0354494138851,0,0.671884133542,1.48835186021,0.00184596533663,0.154288000001,84.6106810412
fast,B3,10,2037,True,10,nominal_collapse,0.207675606023,0.106168166548,10,0.232669273364,4.20295656833e-16,1.33226762955e-15,1.72476336033,2.94252964052,0.207675606023,0,0.106168166548,0.230839710566,0.7490935843,0.449421758983,0.670012155174,0.231516702646,0.695064917812,0,0.0574965803543,0.0574965803543,0,0.585472215975,1.70802298165,0.00574969524669,0.377741476225,3.34785448573
fast,B3,25,2052,True,25,nominal_collapse,0.491632219957,0.125957872074,20,0.230045108702,4.39758070248e-16,1.33226762955e-15,2.71517180932,661.39789443,0.491632219957,0,0.124297921022,0.227424970954,0.803919541375,0.557857022785,0.724140052864,0.254131076681,0.835733798695,0,0.0443623895263,0.0443623895263,0,0.140173730217,7.13400434198,0.0163504303938,0.159198141048,13.7813008599
fast,B3,50,2077,True,50,nominal_collapse,0.540110352929,0.125957872074,20,0.22870109061,4.39758070248e-16,1.33226762955e-15,6.40793127389,65382893.8498,0.540110352929,0,0.12127683189,0.227348292904,0.807074820587,0.563367676807,0.726855497676,0.255256606379,1.93911510381,0,0.0367754457555,0.0367754457555,0,0.0988477317907,10.1165700202,0.017905299898,0.154290745874,34.5890628568
fast,B3,100,2127,False,93,nominal_collapse,0.540702121574,0.125957872074,20,0.22807558498,4.39758070248e-16,1.33226762955e-15,,,,,,,,,,,,,,,,,,,,
fast,B4,10,2037,True,10,nominal_collapse,0.218710279437,0.105206878976,10,0.232669273364,3.57154657591e-16,1.33226762955e-15,1.72476336033,2.91134586949,0.218710279437,0,0.105206878976,0.230839710566,0.753560866219,0.450092777148,0.674543134591,0.233432945459,0.69340692423,0,0.0548858722496,0.0347879288586,0.020097943391,0.525044189373,1.904601594,0.00592905311355,0.377741476225,3.34785448573
fast,B4,25,2052,True,25,nominal_collapse,0.532133152886,0.123532309276,19,0.230045108702,3.82946242158e-16,1.33226762955e-15,2.71517180932,848.533273269,0.532133152886,0,0.121012187172,0.227424970954,0.806590450765,0.560669747675,0.726400647129,0.255050609591,0.826812466774,0,0.0371778692795,0.0340083921916,0.00316947708791,0.102399718323,9.7656518629,0.0174172082231,0.159198141048,13.7813008599
fast,B4,50,2077,True,50,nominal_collapse,0.579766186592,0.123532309276,19,0.22870109061,3.82946242158e-16,1.33226762955e-15,6.40793127389,161271746.326,0.579766186592,0,0.118232499182,0.227348292904,0.808869589476,0.566011498786,0.728368416679,0.255876152276,1.91960722904,0,0.0301453209082,0.0285290949167,0.00161622599153,0.073530120788,13.5998688603,0.0189672599352,0.154290745874,34.5890628568
fast,B4,100,2127,False,89,nominal_collapse,0.580130053141,0.123532309276,19,0.228108274193,3.82946242158e-16,1.33226762955e-15,,,,,,,,,,,,,,,,,,,,
fast,B5,10,2037,True,10,ok,0.0224077517949,0.147523936907,10,0.270529497985,3.71077130392e-16,1.33226762955e-15,1.72476336033,1.90718907519,0.0218181930864,0.00819259332468,0.147523936907,0.336477577776,0.727931944621,0.400452533881,0.650864503586,0.223645997417,0.669386080456,0.00534853429315,0.0263488478602,0.0263488478602,0,0.701482902271,1.42555149493,0.00284618084538,0.377741476225,3.34051025011
fast,B5,25,2052,True,25,ok,0.0224077517949,0.167729950113,16,0.313953504514,3.71077130392e-16,1.33226762955e-15,2.71517180932,4.09299074362,0.0202417835838,0.189867626662,0.146200921325,0.32585292888,0.646162963567,0.439655512193,0.589522113473,0.200229653165,0.952095167431,0.301014176103,0.0359831522079,0.0359831522079,0,0.684607555212,1.46069086207,0.00237015274713,0.159198141048,12.8397840163
fast,B5,50,2077,True,50,ok,0.0224077517949,0.167729950113,16,0.295798456401,3.71077130392e-16,1.33226762955e-15,6.40793127389,15.9201049213,0.0200771210752,0.466300846222,0.0520304330172,0.23175584791,0.490213107245,0.400365958664,0.451040536489,0.144580074528,2.54402482952,1.75542889633,0.0359445530489,0.0359445530489,0,0.681453386599,1.46745180179,0.00308389197853,0.154290745874,26.6324010942
fast,B5,100,2127,True,100,ok,0.0224077517949,0.167729950113,16,0.2414538437,3.71077130392e-16,1.33226762955e-15,35.7878003575,245.044047087,0.0204899422811,0.766870897377,0,0.180766742349,0.313659931051,0.285871596982,0.287074204979,0.0771348749673,17.5408363745,16.0808168536,0.0348159801112,0.0348159801112,0,0.660911690565,1.51306144872,0.000940091966535,0.154288000001,44.4847719312
fast,B6,10,2037,True,10,ok,0.0226378088944,0.14421573529,10,0.266493407666,3.4307088038e-16,1.33226762955e-15,1.72476336033,1.90849139783,0.0218857081191,0.00819259332468,0.14421573529,0.321680557349,0.732910018688,0.406052893056,0.655910314614,0.225783213646,0.677772168696,0.00535202599279,0.0378234418361,0.0243580274152,0.0134654144209,0.64128284009,1.5593743314,0.00295326619736,0.377741476225,3.3407252832
fast,B6,25,2052,True,25,ok,0.0226378088944,0.165414568748,16,0.304565687879,5.33635524972e-16,1.33226762955e-15,2.71517180932,4.09554984292,0.0202326218296,0.189867626662,0.143270933995,0.312707711098,0.648032829488,0.445004119575,0.591195671905,0.200882331527,0.960669078925,0.300792138499,0.046200319077,0.032893075905,0.0133072431721,0.624625263939,1.60095989985,0.00247418175304,0.159198141048,12.8399990494
fast,B6,50,2077,True,50,ok,0.0226378088944,0.165414568748,16,0.28397574325,5.33635524972e-16,1.33226762955e-15,6.40793127389,15.9302307391,0.0200699773972,0.466300846222,0.0465488005597,0.216463380345,0.489637386433,0.405023789377,0.450895995563,0.144532549087,2.57224402432,1.7581575091,0.0457568985204,0.0330015230048,0.0127553755157,0.623967953267,1.60264640958,0.00320194403818,0.154290745874,26.6326161273
fast,B6,100,2127,True,100,ok,0.0226378088944,0.165414568748,16,0.23017479479,5.33635524972e-16,1.33226762955e-15,35.7878003575,245.48596961,0.0204842399191,0.766870897377,0,0.172227574016,0.310942880619,0.285580248546,0.285310132633,0.076701302185,17.8008802644,16.0882074987,0.0433563530981,0.0322187024646,0.0111376506335,0.609893098866,1.63963160406,0.0008258571565,0.154288000001,44.4849869643
fast,B7,10,2037,True,10,ok,0.0224049455449,0.146580313481,10,0.270385847046,3.71077130392e-16,1.33226762955e-15,1.72476336033,1.90706980352,0.021777349871,0.00819259332468,0.146580313481,0.335521038027,0.727375789473,0.400966324946,0.650673493759,0.223600050045,0.669519435921,0.00564951627315,0.0263703704073,0.0263703704073,0,0.701549381356,1.42541640913,0.00286397247956,0.377741476225,3.34051025011
fast,B7,25,2052,True,25,ok,0.0224049455449,0.16152376085,14,0.307374252326,4.15191953348e-16,1.33226762955e-15,2.71517180932,4.08957788322,0.0201440214071,0.189867626662,0.122677258211,0.302293233668,0.631960575825,0.449684641521,0.585085792683,0.199460998764,0.918943926796,0.316267380879,0.0360398489984,0.0360398489984,0,0.685471205581,1.45885048396,0.00195792688172,0.159198141048,12.8397840163
fast,B7,50,2077,True,50,ok,0.0224049455449,0.16152376085,14,0.264608196368,4.15191953348e-16,1.33226762955e-15,6.40793127389,15.9787526888,0.0213756075026,0.466300846222,0,0.180180621768,0.445259465914,0.393208506151,0.437888633391,0.141806667229,2.41506902738,1.84411817304,0.0352151624898,0.0352151624898,0,0.675881378392,1.4795495659,0.000198336072079,0.154290745874,26.6324010942
fast,B7,100,2127,True,100,ok,0.0224049455449,0.16152376085,14,0.222845505798,4.15191953348e-16,1.66533453694e-15,35.7878003575,251.630326809,0.0206236940498,0.766870897377,0,0.181896950551,0.215288080991,0.204322294177,0.253789670571,0.0691435922996,17.5016220962,16.9006800156,0.0336575199974,0.0336575199974,0,0.63915144179,1.56457442574,0,0.154288000001,44.4847719312
fast,B8,10,2037,True,10,ok,-0.00464475541932,0.185660125473,10,0.360471378279,4.19652311204e-16,1.33226762955e-15,1.55478414532,1.29027681551,-0.02,0.00819259332468,0.185660125473,0.394861846483,0.721442010802,0.359239881205,0.646828633986,0.22224334171,0.612597658947,0.0048516034231,0.0398307739084,0.0264745387094,0.013356235199,0.688338006444,1.45277464071,0.00286200208026,0.377741476225,3.00186161838
fast,B8,25,2052,True,25,ok,0.0983334182319,0.186155289856,11,0.352854699324,4.19652311204e-16,1.33226762955e-15,2.50246035225,2.70586923473,-0.02,0.189867626662,0.181212145081,0.390152342233,0.644516084419,0.395263059976,0.588876444635,0.200056519211,0.890955401029,0.277562766172,0.0346314401802,0.022735503685,0.0118959364952,0.591123095811,1.69169502441,0.0022131625915,0.159198141048,12.3163161807
fast,B8,50,2077,True,50,ok,0.0983334182319,0.186155289856,11,0.327592359448,4.19652311204e-16,1.55431223448e-15,6.06911555868,6.32250188741,-0.02,0.466300846222,0.0703890753796,0.267697614934,0.485055976034,0.384210729549,0.447209545999,0.14317197341,2.38222862558,1.65755770472,0.0397136706881,0.0259391595028,0.0137745111853,0.674418147072,1.48275962671,0.00390160226945,0.154290745874,25.5736904985
fast,B8,100,2127,True,100,ok,0.0983334182319,0.186155289856,11,0.25964280786,4.19652311204e-16,1.55431223448e-15,34.6929255043,52.2271177924,-0.02,0.766870897377,0,0.19899408496,0.30962927463,0.285102146922,0.284749411259,0.076666665579,16.4852943533,15.5863638428,0.0325803897161,0.0223159701994,0.0102644195168,0.580215225183,1.72349837887,0.00154317959011,0.154288000001,43.1144977455
fast,B9,10,2037,False,5,nominal_collapse,858.962119809,0.00855888373318,1,0,3.67651654596e-16,1.33226762955e-15,,,,,,,,,,,,,,,,,,,,
fast,B9,25,2052,False,5,nominal_collapse,858.962119809,0.00855888373318,1,0,3.67651654596e-16,1.33226762955e-15,,,,,,,,,,,,,,,,,,,,
fast,B9,50,2077,False,5,nominal_collapse,858.962119809,0.00855888373318,1,0,3.67651654596e-16,1.33226762955e-15,,,,,,,,,,,,,,,,,,,,
fast,B9,100,2127,False,5,nominal_collapse,858.962119809,0.00855888373318,1,0,3.67651654596e-16,1.33226762955e-15,,,,,,,,,,,,,,,,,,,,
