year,calendar_year,automation,real_gdp,capacity,raw_capacity,nominal_gdp,price_level,inflation,labour_share,labour_demand_proxy,investment_share,capital_stock,usownership_share,shadow_participation_share,participant_income_gdp,pass_through_levy_gdp,total_recorded_tax_gdp,use_dividend_gdp,median_use_dividend,mvi_gdp,mvi_real_resident_equivalent,fiscal_issuance_gdp,net_seigniorage_gdp,burn_gdp,money_growth,money_gdp,velocity,demurrage_rate,effective_demurrage,tax_rate,tax_gdp,public_expenditure_gdp,government_consumption_gdp,gini_income,gini_wealth,top10_wealth,top1_wealth,median_income,p10_income,mean_log_consumption,median_consumption,coverage_shortfall,secondary_sales_gdp,legacy_capital_share,ordinary_discounted_dividends,resource_pressure_proxy,output_gap,accounting_residual,goods_residual,equity_residual,controller_at_bound,policy,status,scenario,code,max_inflation,cumulative_mvi_real,consumption_score,min_p10,max_coverage_gap
50,2077,0.39844358301,2.72828731106,2.72828731106,2.72828731106,6.61346134064,2.42403405017,0.0204685276056,0.388747080155,0.769172341675,0.229961089575,7.67911087259,0,0,0,0,0.218380761694,0,0,0.0323616463335,0.0882918690567,0.0295681311329,0.0295681311329,0,0.0436076984021,0.707616554148,1.41319475094,0,0,0.283597047809,0.218380761694,0.247948892827,0.215587246494,0.460230143371,0.755217438975,0.677571928335,0.234587920939,0.84413308318,0.675386350379,0.0658154000316,0.818680476773,0.000662395251339,0,1,10.0096708057,1,0,-1.34298572858e-16,6.7149286429e-17,1.33226762955e-15,0,B0: targeted tax-transfer comparator,ok,slow,B0,0.0204793054887,1.86928638881,-12.4638272545,0.246722080779,0.00130493371084
50,2077,0.39844358301,2.72835383992,2.72835383992,2.72835383992,6.68747036154,2.45110082999,0.0206125148561,0.388747080155,0.769172341675,0.229961089575,7.67955607119,0,0,0,0,0.332232492153,0,0,0.145549472633,0.397110462556,0.0288738120853,0.0288738120853,0,0.0435523512268,0.691841740842,1.44541726954,0,0,0.431448966612,0.332232492153,0.361106304239,0.215556831606,0.398543994123,0.744025317453,0.666710207112,0.230307129571,1.0670468976,0.673903014672,0.155754116414,1.02870493055,0.00293717637928,0,1,10.0121598236,1,0,-6.64061574618e-17,3.32030787309e-17,1.33226762955e-15,0,B2: universal transfer + residual tax,ok,slow,B2,0.0206791241108,9.89520359855,-11.216493033,0.250848098257,0.00395577529502
50,2077,0.39844358301,2.72361537107,2.72361537107,2.72361537107,6.65248162331,2.44251875429,0.020405753326,0.388747080155,0.769172341675,0.227585992247,7.64152207836,0.0276824415558,0.0276824415558,0.0107848214666,0,0.327430861514,0.0107848214666,0.0277717307258,0.140724036346,0.38327814847,0.028893684024,0.028893684024,0,0.0433364194165,0.695623524952,1.43755920283,0,0,0.423905908266,0.327430861514,0.356324545538,0.215600509192,0.39697155399,0.727401303461,0.652688531043,0.22479814903,1.07475919713,0.673082763414,0.159856484677,1.0360322609,0.00291693400361,0,0.972317558444,9.9873231763,1,0,2.00266262274e-16,6.67554207581e-17,4.4408920985e-16,0,B5: usownership + residual tax,ok,slow,B5,0.0206484401981,9.82679987797,-11.2101137693,0.250848098257,0.00395577529502
50,2077,0.39844358301,2.72362461546,2.72362461546,2.72362461546,6.65549417972,2.44361654757,0.0204105361026,0.388747080155,0.769172341675,0.227585992247,7.64158376434,0.0276824415558,0.0276824415558,0.0107848214666,0,0.313457688976,0.0107848214666,0.0277974430496,0.137450482882,0.374363518585,0.0395922925551,0.0263650011125,0.0132272914425,0.0431974234999,0.636702354048,1.57059259109,0.0401080532143,0.0216720988465,0.405815645275,0.313457688976,0.353049981531,0.215599498649,0.402091246808,0.731436613809,0.656622410366,0.226452340596,1.08756873104,0.673265193754,0.161741655727,1.03794708205,0.00301968975592,0,0.972317558444,9.98769633183,1,0,2.25197565015e-16,3.33626022244e-17,0,0,B6: SSM hybrid,ok,slow,B6,0.0206462054467,9.50976259446,-11.1552262426,0.252012304038,0.00414065212664
50,2077,0.39844358301,2.72361537107,2.72361537107,2.72361537107,6.65067115189,2.44185402335,0.0203145910171,0.388747080155,0.769172341675,0.227585992247,7.64152207836,0.0276824415558,0.0276824415558,0.0107848214666,0,0.324228053241,0.0107848214666,0.0293737055207,0.137543598223,0.374615858311,0.0289353174883,0.0289353174883,0,0.0433834854948,0.695901495015,1.4369849859,0,0,0.419759416565,0.324228053241,0.353163370729,0.215619772506,0.398606656719,0.725458799266,0.652019662168,0.224642879715,1.07343573077,0.673293674817,0.158228975921,1.03202919569,0.00297511826739,0,0.972317558444,9.9873231763,1,0,0,3.33867965885e-17,1.11022302463e-15,0,B7: equal citizen-equity comparator,ok,slow,B7,0.0206484401981,9.79039521981,-11.2117916213,0.250848098257,0.00395577529502
50,2077,0.39844358301,2.72834426955,2.72834426955,2.72834426955,6.67185930913,2.4453876234,0.0205238426189,0.388747080155,0.769172341675,0.229961089575,7.67949202706,0,0,0,0,0.301484723475,0,0,0.115014878473,0.313800184595,0.0291057161093,0.0291057161093,0,0.0436922351931,0.695258774671,1.43831338263,0,0,0.393040931727,0.301484723475,0.330590439584,0.215575561111,0.377491463384,0.73677450682,0.657248092389,0.226054400232,1.15216616995,0.675645681784,0.187102333257,1.10648542297,0.00387647916366,0,1,10.0117983669,1,0,-6.6561536938e-17,0,1.33226762955e-15,0,B10: capital-tilted tax and universal transfer,ok,slow,B10,0.0205972516193,7.87575672064,-10.5338626756,0.249313477946,0.00456464869723
50,2077,0.39844358301,2.72361537107,2.72361537107,2.72361537107,6.65248162331,2.44251875429,0.020405753326,0.388747080155,0.769172341675,0.227585992247,7.64152207836,0,0.0276824415558,0.0107848214666,0.0107848214666,0.338215682981,0,0.0277717307258,0.140724036346,0.38327814847,0.028893684024,0.028893684024,0,0.0433364194165,0.695623524952,1.43755920283,0,0,0.423905908266,0.327430861514,0.356324545538,0.215600509192,0.39697155399,0.74322675592,0.66584103469,0.229955896212,1.07475919713,0.673082763414,0.159856484677,1.0360322609,0.00291693400361,0,1,9.9873231763,1,0,2.00266262274e-16,6.67554207581e-17,4.4408920985e-16,0,B11: matched dividend levy,ok,slow,B11,0.0206484401981,9.82679987797,-11.2101137693,0.250848098257,0.00395577529502
50,2077,0.39844358301,2.72362461546,2.72362461546,2.72362461546,6.65549417972,2.44361654757,0.0204105361026,0.388747080155,0.769172341675,0.227585992247,7.64158376434,0,0.0276824415558,0.0107848214666,0.0107848214666,0.324242510443,0,0.0277974430496,0.137450482882,0.374363518585,0.0395922925551,0.0263650011125,0.0132272914425,0.0431974234999,0.636702354048,1.57059259109,0.0401080532143,0.0216720988465,0.405815645275,0.313457688976,0.353049981531,0.215599498649,0.402091246808,0.747560482164,0.670001707619,0.231699164347,1.08756873104,0.673265193754,0.161741655727,1.03794708205,0.00301968975592,0,1,9.98769633183,1,0,2.25197565015e-16,3.33626022244e-17,0,0,B12: matched levy and monetary hybrid,ok,slow,B12,0.0206462054467,9.50976259446,-11.1552262426,0.252012304038,0.00414065212664
50,2077,0.39844358301,2.72354992443,2.72354992443,2.72354992443,6.59404581238,2.42112169608,0.0202478500447,0.388747080155,0.769172341675,0.227585992247,7.64108537491,0.0276824415558,0.0276824415558,0.0107848214666,0,0.203139687943,0.0107848214666,0.0276246604192,0.028527515687,0.0776961131935,0.0410217053264,0.0268204519036,0.0142012534229,0.0432375842268,0.64712457812,1.54529751119,0.0400725747444,0.0228940173419,0.262993272913,0.203139687943,0.244161393269,0.215633877582,0.46101115548,0.741655015061,0.666325317318,0.230229189967,0.884250450706,0.674734286996,0.0785358745175,0.851130272166,0.000921064634774,0,0.972317558444,9.9848970678,1,0,8.41837512366e-17,-3.36735004947e-17,1.11022302463e-15,0,B13: usownership and targeted income protection,ok,slow,B13,0.0203930836891,1.75474428615,-12.3173500674,0.246576069668,0.00272815596661
50,2077,0.80173479641,6.48099859857,6.48099859857,6.65063417207,16.0486126946,2.47625615875,0.0201282358168,0.195167297723,0.535536338032,0.24004336991,16.7402151517,0,0,0,0,0.250118697084,0,0,0.0707360004124,0.458439919541,0.0362764648691,0.0362764648691,0,0.0555167483442,0.689709274806,1.44988625864,0,0,0.329122330381,0.250118697084,0.286395161953,0.21565916154,0.51243250778,0.768232421501,0.697948029192,0.243997544477,1.61280626261,1.59763483478,0.792728829399,1.54411395978,0.00142379089704,0,1,26.7485955298,1.02617429566,0,-1.106860059e-16,-2.76715014751e-17,1.33226762955e-15,0,B0: targeted tax-transfer comparator,ok,medium,B0,0.0213022866675,8.05304690237,-5.46077046691,0.248194080922,0.00142379089704
50,2077,0.80173479641,6.48099859857,6.48099859857,6.65067501381,16.215309252,2.50197697244,0.0201187310913,0.195167297723,0.535536338032,0.24004336991,16.7404483395,0,0,0,0,0.370401464583,0,0,0.190278127991,1.23319228085,0.0355378343038,0.0355378343038,0,0.0555335393873,0.67547245212,1.4804452748,0,0,0.487398161838,0.370401464583,0.405939298886,0.215661170896,0.444891132662,0.753777717856,0.679899634683,0.236212051161,2.18294542432,1.59543938576,0.928054853979,2.0744089268,0.00214069725563,0,1,26.7512370779,1.02618059743,0,-1.09548132064e-16,-2.7387033016e-17,1.33226762955e-15,0,B2: universal transfer + residual tax,ok,medium,B2,0.0216735344638,25.3491175169,-3.47266406928,0.252166547649,0.00401437012797
50,2077,0.80173479641,6.48099859857,6.48099859857,6.56405484648,16.0062183877,2.46971483549,0.0202589559027,0.195167297723,0.535536338032,0.231215613168,16.1974001761,0.296692477446,0.296692477446,0.171411001583,0,0.285329182097,0.171411001583,1.05784265739,0.105694037906,0.685002911549,0.0359963861447,0.0359963861447,0,0.0553173129071,0.686721886952,1.4561935756,0,0,0.37114331012,0.285329182097,0.321325568242,0.215631530336,0.419788065213,0.583237114048,0.533433223246,0.177655537015,2.3917945521,1.60637220586,0.982151649917,2.25342306865,0.00291527932206,0,0.703307522554,23.6150236181,1.0128153473,0,5.54895852466e-17,1.6646875574e-16,6.66133814775e-16,0,B5: usownership + residual tax,ok,medium,B5,0.0212451432752,19.7217644746,-3.21083687553,0.252166547649,0.00401437012797
50,2077,0.80173479641,6.48099859857,6.48099859857,6.56406064482,16.0123742163,2.47066466267,0.0202719952786,0.195167297723,0.535536338032,0.231215613168,16.1974326399,0.296692477446,0.296692477446,0.171411001583,0,0.271269050237,0.171411001583,1.0585189685,0.101641134962,0.658736053246,0.0460008592262,0.0328913461678,0.0131095130584,0.0552989918265,0.627682409827,1.59316237693,0.0400514702954,0.0220405346674,0.352854525773,0.271269050237,0.317269909463,0.215628774501,0.424776937224,0.584163131483,0.5345054497,0.178091319844,2.41526495339,1.60689575548,0.984621262426,2.2625632195,0.00302078031452,0,0.703307522554,23.6154166158,1.01281624197,0,-1.45604163394e-16,-5.54682527215e-17,9.99200722163e-16,0,B6: SSM hybrid,ok,medium,B6,0.0212580624138,19.2503996354,-3.15252277718,0.253341600221,0.00421541104092
50,2077,0.80173479641,6.48099859857,6.48099859857,6.56405484648,15.9730775045,2.46460128969,0.0200391967471,0.195167297723,0.535536338032,0.231215613168,16.1974001761,0.296692477446,0.296692477446,0.171411001583,0,0.23913556509,0.171411001583,1.11091446104,0.0596483896444,0.386581129692,0.0361908109513,0.0361908109513,0,0.0554747596253,0.688574186666,1.45227634054,0,0,0.311056739946,0.23913556509,0.275326376041,0.215677986397,0.436373851106,0.560002945185,0.527116595923,0.17662731365,2.2928130073,1.61250287433,0.959051975536,2.17362064062,0.00230557278064,0,0.703307522554,23.6150236181,1.0128153473,0,1.11209429673e-16,1.11209429673e-16,8.881784197e-16,0,B7: equal citizen-equity comparator,ok,medium,B7,0.021245148428,16.8628078872,-3.30837797967,0.252166547649,0.00401437012797
50,2077,0.80173479641,6.48099859857,6.48099859857,6.6506698423,16.1898032229,2.49804146331,0.0201210231587,0.195167297723,0.535536338032,0.24004336991,16.7404188124,0,0,0,0,0.349795679573,0,0,0.169755265762,1.1001836395,0.0356202725248,0.0356202725248,0,0.0554867964082,0.677579708473,1.47584112614,0,0,0.385320094636,0.349795679573,0.385415952098,0.215660686336,0.427664305803,0.748528048501,0.673194461546,0.233313111825,2.33239877098,1.59811282915,0.958201093337,2.20597049527,0.00271194613329,0,1,26.7508987876,1.02617979948,2.22044604925e-16,-5.486035917e-17,-1.37150897925e-16,1.33226762955e-15,0,B10: capital-tilted tax and universal transfer,ok,medium,B10,0.0217081615815,22.0213274519,-2.72309523701,0.250659204307,0.00453462501023
50,2077,0.80173479641,6.48099859857,6.48099859857,6.56405484648,16.0062183877,2.46971483549,0.0202589559027,0.195167297723,0.535536338032,0.231215613168,16.1974001761,0,0.296692477446,0.171411001583,0.171411001583,0.456740183681,0,1.05784265739,0.105694037906,0.685002911549,0.0359963861447,0.0359963861447,0,0.0553173129071,0.686721886952,1.4561935756,0,0,0.37114331012,0.285329182097,0.321325568242,0.215631530336,0.419788065213,0.744938848582,0.670039849324,0.232125818577,2.3917945521,1.60637220586,0.982151649917,2.25342306865,0.00291527932206,0,1,23.6150236181,1.0128153473,0,5.54895852466e-17,1.6646875574e-16,6.66133814775e-16,0,B11: matched dividend levy,ok,medium,B11,0.0212451432752,19.7217644746,-3.21083687553,0.252166547649,0.00401437012797
50,2077,0.80173479641,6.48099859857,6.48099859857,6.56406064482,16.0123742163,2.47066466267,0.0202719952786,0.195167297723,0.535536338032,0.231215613168,16.1974326399,0,0.296692477446,0.171411001583,0.171411001583,0.442680051821,0,1.0585189685,0.101641134962,0.658736053246,0.0460008592262,0.0328913461678,0.0131095130584,0.0552989918265,0.627682409827,1.59316237693,0.0400514702954,0.0220405346674,0.352854525773,0.271269050237,0.317269909463,0.215628774501,0.424776937224,0.749110383327,0.673727400108,0.233599986096,2.41526495339,1.60689575548,0.984621262426,2.2625632195,0.00302078031452,0,1,23.6154166158,1.01281624197,0,-1.45604163394e-16,-5.54682527215e-17,9.99200722163e-16,0,B12: matched levy and monetary hybrid,ok,medium,B12,0.0212580624138,19.2503996354,-3.15252277718,0.253341600221,0.00421541104092
50,2077,0.80173479641,6.48099859857,6.48099859857,6.56401404907,15.9381260684,2.45920838063,0.020494251508,0.195167297723,0.535536338032,0.231215613168,16.1971717604,0.296692477446,0.296692477446,0.171411001583,0,0.18746087625,0.171411001583,1.05852118576,0.0190916244873,0.123732791546,0.0472125603587,0.0333220978291,0.0138904625296,0.0555337500976,0.633355370759,1.57889242938,0.0401475680206,0.0231494871306,0.243840639146,0.18746087625,0.234673436609,0.215581812122,0.471063037895,0.594891248452,0.545525867699,0.18209932205,2.03241269531,1.61007208102,0.912449664856,1.8910892703,0.000683711622896,0,0.703307522554,23.6124468693,1.01280905238,0,2.02009116855e-16,-5.57266529256e-17,1.11022302463e-15,0,B13: usownership and targeted income protection,ok,medium,B13,0.0207908540245,4.21735542443,-4.86375324165,0.247901073711,0.00270220651174
50,2077,0.886894279428,6.40793127389,6.40793127389,13.4966069367,15.9422029422,2.48788606818,0.0200001867552,0.154290745874,0.486201463818,0.242172356986,16.8955489646,0,0,0,0,0.261991705327,0,0,0.0824966625611,0.528632944017,0.0361911922536,0.0361911922536,0,0.0557012124021,0.68592915473,1.45787650679,0,0,0.345714104971,0.261991705327,0.29818289758,0.215686235019,0.518426202331,0.771115880775,0.702370465074,0.24596198674,1.59186732343,1.57799578215,0.757408171862,1.52122028428,0.0016499486579,0,1,34.5798617653,2.10623465824,0,-3.89986814273e-16,-5.57124020389e-17,1.33226762955e-15,0,B0: targeted tax-transfer comparator,ok,fast,B0,0.0229623973875,11.5525561969,-4.80199829365,0.252659504656,0.0016499486579
50,2077,0.886894279428,6.40793127389,6.40793127389,13.4966425929,16.111039774,2.51423417096,0.0200001516981,0.154290745874,0.486201463818,0.242172356986,16.8956503974,0,0,0,0,0.381346688437,0,0,0.201110347358,1.28870128434,0.0354499013526,0.0354499013526,0,0.0557009958514,0.671881994005,1.4883565997,0,0,0.503210316953,0.381346688437,0.41679658979,0.215686242432,0.451160395408,0.756920323233,0.683673441009,0.237778686448,2.11335902871,1.57620859729,0.900254580793,2.00175751164,0.00184597414769,0,1,34.5817120537,2.10624022262,0,0,2.75642799025e-17,1.33226762955e-15,0,B2: universal transfer + residual tax,ok,fast,B2,0.0236181455278,29.6820420377,-2.13697824095,0.256140835801,0.00425862911748
50,2077,0.886894279428,6.40793127389,6.40793127389,13.27072754,15.9201049213,2.48443752606,0.0200771210752,0.154290745874,0.486201463818,0.231982048515,16.2051624465,0.466300846222,0.466300846222,0.287786821396,0,0.23175584791,0.287786821396,1.75542889633,0.0520304330172,0.333407438925,0.0359445530489,0.0359445530489,0,0.0556840606677,0.681453386599,1.46745180179,0,0,0.301758373566,0.23175584791,0.267700400959,0.215669967941,0.400365958664,0.490213107245,0.451040536489,0.144580074528,2.54402482952,1.59528895695,0.996232965624,2.39479131471,0.00308389197853,0,0.533699153778,26.6324010942,2.07098468644,0,1.11579468112e-16,1.11579468112e-16,3.33066907388e-16,0,B5: usownership + residual tax,ok,fast,B5,0.0224077517949,16.7599056778,-1.42399679438,0.256140835801,0.00425862911748
50,2077,0.886894279428,6.40793127389,6.40793127389,13.2707313944,15.9302307391,2.48601772681,0.0200699773972,0.154290745874,0.486201463818,0.231982048515,16.2051731379,0.466300846222,0.466300846222,0.287786821396,0,0.216463380345,0.287786821396,1.7581575091,0.0465488005597,0.298281514869,0.0457568985204,0.0330015230048,0.0127553755157,0.0558433124367,0.623967953267,1.60264640958,0.0400493441035,0.0215839256893,0.281846771844,0.216463380345,0.262220278865,0.215671478305,0.405023789377,0.489637386433,0.450895995563,0.144532549087,2.57224402432,1.59599631521,0.998796133302,2.39993972406,0.00320194403818,0,0.533699153778,26.6326161273,2.07098528795,0,1.11508544257e-16,-2.78771360644e-17,8.881784197e-16,0,B6: SSM hybrid,ok,fast,B6,0.0226378088944,16.1730105313,-1.36931483178,0.257355823911,0.00439818300491
50,2077,0.886894279428,6.40793127389,6.40793127389,13.27072754,15.9787526888,2.49358989755,0.0213756075026,0.154290745874,0.486201463818,0.231982048515,16.2051624465,0.466300846222,0.466300846222,0.287786821396,0,0.180180621768,0.287786821396,1.84411817304,0,0,0.0352151624898,0.0352151624898,0,0.0549664733611,0.675881378392,1.4795495659,0,0,0.234604700866,0.180180621768,0.215395784258,0.215395784258,0.393208506151,0.445259465914,0.437888633391,0.141806667229,2.41506902738,1.80642564084,0.994043750383,2.27067537054,0.000198336072079,0,0.533699153778,26.6324010942,2.07098468644,0,1.11169931345e-16,-8.33774485091e-17,6.66133814775e-16,0,B7: equal citizen-equity comparator,ok,fast,B7,0.0224049455449,9.97833416539,-1.69321974385,0.256140835801,0.00425862911748
50,2077,0.886894279428,6.40793127389,6.40793127389,13.4966380956,16.0898298201,2.51092421757,0.0200002509007,0.154290745874,0.486201463818,0.242172356986,16.8956376038,0,0,0,0,0.363804105761,0,0,0.18366186284,1.17689259471,0.0355439785337,0.0355439785337,0,0.0557015834471,0.673658307321,1.48443207652,0,0,0.388046908129,0.363804105761,0.399348084295,0.215686221455,0.436425848058,0.752618145772,0.678129454694,0.235443272334,2.21138092192,1.5784446713,0.926748575817,2.09707601017,0.00232141030404,0,1,34.5814762527,2.1062395208,0,0,-5.52012314381e-17,1.33226762955e-15,0,B10: capital-tilted tax and universal transfer,ok,fast,B10,0.0232040965866,26.7859130426,-1.42265526144,0.254668821468,0.00458991413612
50,2077,0.886894279428,6.40793127389,6.40793127389,13.27072754,15.9201049213,2.48443752606,0.0200771210752,0.154290745874,0.486201463818,0.231982048515,16.2051624465,0,0.466300846222,0.287786821396,0.287786821396,0.519542669306,0,1.75542889633,0.0520304330172,0.333407438925,0.0359445530489,0.0359445530489,0,0.0556840606677,0.681453386599,1.46745180179,0,0,0.301758373566,0.23175584791,0.267700400959,0.215669967941,0.400365958664,0.741259143901,0.666417344641,0.230625084712,2.54402482952,1.59528895695,0.996232965624,2.39479131471,0.00308389197853,0,1,26.6324010942,2.07098468644,0,1.11579468112e-16,1.11579468112e-16,3.33066907388e-16,0,B11: matched dividend levy,ok,fast,B11,0.0224077517949,16.7599056778,-1.42399679438,0.256140835801,0.00425862911748
50,2077,0.886894279428,6.40793127389,6.40793127389,13.2707313944,15.9302307391,2.48601772681,0.0200699773972,0.154290745874,0.486201463818,0.231982048515,16.2051731379,0,0.466300846222,0.287786821396,0.287786821396,0.504250201741,0,1.7581575091,0.0465488005597,0.298281514869,0.0457568985204,0.0330015230048,0.0127553755157,0.0558433124367,0.623967953267,1.60264640958,0.0400493441035,0.0215839256893,0.281846771844,0.216463380345,0.262220278865,0.215671478305,0.405023789377,0.745551909665,0.670238350517,0.232161727292,2.57224402432,1.59599631521,0.998796133302,2.39993972406,0.00320194403818,0,1,26.6326161273,2.07098528795,0,1.11508544257e-16,-2.78771360644e-17,8.881784197e-16,0,B12: matched levy and monetary hybrid,ok,fast,B12,0.0226378088944,16.1730105313,-1.36931483178,0.257355823911,0.00439818300491
50,2077,0.886894279428,6.40793127389,6.40793127389,13.2706913145,15.9508335484,2.48923293129,0.0207329286354,0.154290745874,0.486201463818,0.231982048515,16.2050619697,0.466300846222,0.466300846222,0.287786821396,0,0.176555467095,0.287786821396,1.75336658393,0.00723599747884,0.0463677745425,0.0462119331912,0.0330705446586,0.0131413885325,0.0558213284559,0.625506188406,1.59870520634,0.0402195899509,0.022181968069,0.229884557715,0.176555467095,0.222767400286,0.215531402807,0.424685949999,0.495789968893,0.457234056163,0.146449151777,2.41382936208,1.59802025288,0.970639121327,2.23658786434,0.000264321000925,0,0.533699153778,26.6305808298,2.07097903322,2.22044604925e-16,8.35233861295e-17,2.78411287098e-17,8.881784197e-16,0,B13: usownership and targeted income protection,ok,fast,B13,0.0214682151449,3.49711769552,-3.34573707356,0.25226200487,0.00261030676228
