year,calendar_year,automation,real_gdp,capacity,raw_capacity,nominal_gdp,price_level,inflation,labour_share,labour_demand_proxy,investment_share,capital_stock,usownership_share,shadow_participation_share,participant_income_gdp,pass_through_levy_gdp,total_recorded_tax_gdp,use_dividend_gdp,median_use_dividend,mvi_gdp,mvi_real_resident_equivalent,fiscal_issuance_gdp,net_seigniorage_gdp,burn_gdp,money_growth,money_gdp,velocity,demurrage_rate,effective_demurrage,tax_rate,tax_gdp,public_expenditure_gdp,government_consumption_gdp,gini_income,gini_wealth,top10_wealth,top1_wealth,median_income,p10_income,mean_log_consumption,median_consumption,coverage_shortfall,secondary_sales_gdp,legacy_capital_share,ordinary_discounted_dividends,resource_pressure_proxy,output_gap,accounting_residual,goods_residual,equity_residual,controller_at_bound,policy,status,experiment,max_inflation,peak_mvi,mean_tax_gdp,price_band,sunset,max_accounting_error,controller_bound_years
50,2077,0.80173479641,6.48099859857,6.48099859857,6.56406064482,16.0123742163,2.47066466267,0.0202719952786,0.195167297723,0.535536338032,0.231215613168,16.1974326399,0.296692477446,0.296692477446,0.171411001583,0,0.271269050237,0.171411001583,1.0585189685,0.101641134962,0.658736053246,0.0460008592262,0.0328913461678,0.0131095130584,0.0552989918265,0.627682409827,1.59316237693,0.0400514702954,0.0220405346674,0.352854525773,0.271269050237,0.317269909463,0.215628774501,0.424776937224,0.584163131483,0.5345054497,0.178091319844,2.41526495339,1.60689575548,0.984621262426,2.2625632195,0.00302078031452,0,0.703307522554,23.6154166158,1.01281624197,0,-1.45604163394e-16,-5.54682527215e-17,9.99200722163e-16,0,B6: SSM hybrid,ok,baseline,0.0212580624138,0.151878218565,0.291861428202,True,False,4.42932007132e-16,0
50,2077,0.80173479641,6.48099859857,6.48099859857,6.56395885487,15.863181911,2.44764470626,0.0210703031568,0.195167297723,0.535536338032,0.231215613168,16.1968627437,0.296692477446,0.296692477446,0.171411001583,0,0.167407913984,0.171411001583,1.06596683305,0,0,0.0480522745261,0.0336283297989,0.0144239447272,0.0553379512788,0.641318513873,1.55928759012,0.0403221508468,0.0237356881931,0.217756651736,0.167407913984,0.21546018851,0.21546018851,0.516084591534,0.60386458963,0.54811179112,0.182698275138,2.1135868448,1.1145479702,0.841307884891,1.97081755875,0.00171046498641,0,0.703307522554,23.6089253893,1.01280053607,0,-6.9987410524e-17,5.59899284192e-17,6.66133814775e-16,0,B6: SSM hybrid,ok,low_relative_floor,0.0210738361561,0.0288049767575,0.173836461895,True,True,4.13039002051e-16,0
50,2077,0.80173479641,6.48099859857,6.48099859857,6.56419831018,16.4771888923,2.54238427021,0.0201850821418,0.195167297723,0.535536338032,0.231215613168,16.1982034149,0.296692477446,0.296692477446,0.171411001583,0,0.479818588808,0.171411001583,1.06102274265,0.306316319208,1.98523563551,0.0421448750719,0.0312962872795,0.0108485877924,0.0553456177159,0.596766302271,1.6756978338,0.0400424760262,0.0191850805609,0.624126344169,0.479818588808,0.52196346388,0.215647144671,0.245684944587,0.549019930336,0.508527587701,0.168645711379,3.01184522611,2.55232729505,1.16175660503,2.83021629849,0.00263649755159,0,0.703307522554,23.6242713225,1.01283748335,0,-1.347587907e-17,-2.69517581399e-17,2.22044604925e-16,0,B6: SSM hybrid,ok,high_relative_floor,0.0210744618813,0.348714850704,0.49340974158,True,False,3.37198268757e-16,0
50,2077,0.80173479641,6.48099859857,6.48099859857,6.56404947225,15.6350399632,2.41244304028,0.0210721876525,0.195167297723,0.535536338032,0.231215613168,16.1973700869,0.296692477446,0.296692477446,0.171411001583,0,0.167312188894,0.171411001583,1.06471797909,0,0,0.0481476019611,0.0337281630736,0.0144194388874,0.0555271188566,0.641146011652,1.55970712104,0.0403237075869,0.023738912054,0.217632136865,0.167312188894,0.215459790856,0.215459790856,0.516644056058,0.604514907662,0.548364343958,0.182718358555,2.11322056914,1.11072603928,0.840181477597,1.97037444097,0,0,0.703307522554,23.6147178845,1.01281451807,0,2.69832856425e-16,-8.52103757131e-17,1.11022302463e-15,0,B6: SSM hybrid,ok,fixed_real_floor,0.0210910511042,0.126775649301,0.176886563084,True,True,3.4109401429e-16,0
50,2077,0.80173479641,6.48099859857,6.48099859857,6.56405484648,16.0062183877,2.46971483549,0.0202589559027,0.195167297723,0.535536338032,0.231215613168,16.1974001761,0.296692477446,0.296692477446,0.171411001583,0,0.285329182097,0.171411001583,1.05784265739,0.105694037906,0.685002911549,0.0359963861447,0.0359963861447,0,0.0553173129071,0.686721886952,1.4561935756,0,0,0.37114331012,0.285329182097,0.321325568242,0.215631530336,0.419788065213,0.583237114048,0.533433223246,0.177655537015,2.3917945521,1.60637220586,0.982151649917,2.25342306865,0.00291527932206,0,0.703307522554,23.6150236181,1.0128153473,0,5.54895852466e-17,1.6646875574e-16,6.66133814775e-16,0,B6: SSM hybrid,ok,no_demurrage,0.0212451432752,0.154480112184,0.30342908467,True,False,3.48990560409e-16,0
50,2077,0.80173479641,6.48099859857,6.48099859857,6.564055407,15.9944652191,2.46790135437,0.0202804241902,0.195167297723,0.535536338032,0.231215613168,16.1974033145,0.296692477446,0.296692477446,0.171411001583,0,0.261884232396,0.171411001583,1.05952157528,0.0990454985665,0.641913737404,0.0527882592831,0.03056706671,0.0222211925731,0.0550962000413,0.585361529614,1.70834595273,0.0400530179354,0.0400530179354,0.340647178691,0.261884232396,0.314672491679,0.215626993113,0.428090774702,0.586536265482,0.537036589442,0.179203738298,2.43106237203,1.60723136675,0.975293968729,2.23921182733,0.0035961773191,0,0.703307522554,23.6151098727,1.01281543379,2.22044604925e-16,-7.28835981629e-17,-1.1106072101e-16,7.77156117238e-16,0,B6: SSM hybrid,ok,flat_demurrage,0.0212920928458,0.149956564374,0.283617023926,True,False,3.31364983094e-16,0
50,2077,0.80173479641,6.48099859857,6.48099859857,6.56411068505,16.0448980167,2.47568299432,0.020284766739,0.195167297723,0.535536338032,0.231215613168,16.1977128076,0.296692477446,0.296692477446,0.171411001583,0,0.256134642022,0.171411001583,1.05971173523,0.097252210071,0.630291437178,0.0567436434073,0.0291137542825,0.0276298891248,0.0554357436889,0.554293942102,1.80409693133,0.10005421278,0.052610303598,0.333168371275,0.256134642022,0.312878285429,0.215626075359,0.429966448466,0.585434497738,0.536022108187,0.178699948853,2.44040538864,1.60746433486,0.988132433201,2.27518774573,0.00310653556949,0,0.703307522554,23.6186427142,1.01282396304,0,-4.15168618761e-17,-8.30337237522e-17,4.4408920985e-16,0,B6: SSM hybrid,ok,higher_levy,0.0212733351025,0.150514727676,0.279534801228,True,False,5.31286877294e-16,0
50,2077,0.80173479641,6.48099859857,6.48099859857,6.56420627621,25.3995425419,3.91907854254,0.0203077951573,0.195167297723,0.535536338032,0.231215613168,16.1982480167,0.296692477446,0.296692477446,0.171411001583,0,0.233590254175,0.171411001583,1.06014007733,0.0907088878705,0.587884175167,0.0727398423585,0.020059610452,0.0526802319066,0.0561045964925,0.377599129601,2.64831118932,0.33,0.147341004519,0.303843650022,0.233590254175,0.306330096533,0.215621208663,0.437254392054,0.589022612165,0.540485919872,0.180541608148,2.47844367923,1.60831101824,1.00003588416,2.31871765475,0.00319012646708,0,0.703307522554,23.6247848849,1.01283871249,0,3.49682841033e-17,0,2.22044604925e-16,0,B6: SSM hybrid,ok,historical_33pct_levy,0.344424687265,0.144968550699,0.256653127699,False,False,2.8592948335e-16,0
50,2077,0.80173479641,6.48099859857,6.48099859857,6.5639579402,16.279288699,2.51184882259,0.0203126199459,0.195167297723,0.535536338032,0.231215613168,16.1968576224,0.296692477446,0.296692477446,0.171411001583,0,0.315795834944,0.171411001583,1.05718096026,0.114322327568,0.740922844753,0.0141466816711,0.0113272305947,0.00281945107637,0.0552675933509,0.216279715549,4.62364210837,0.0400672223167,0.0137566084012,0.41077295579,0.315795834944,0.329942516615,0.215620189047,0.408247617813,0.594850733292,0.547321649083,0.183906896967,2.34082219804,1.60519956549,0.995773028724,2.29700623041,0.0027577121291,0,0.703307522554,23.6087918704,1.01280039493,0,3.75091734555e-17,2.72793988767e-17,7.77156117238e-16,0,B6: SSM hybrid,ok,low_money_demand,0.0213496730465,0.159937836256,0.336029387798,True,False,2.93676475075e-16,0
50,2077,0.80173479641,6.48099859857,6.48099859857,6.56412371613,15.8523557173,2.44597425477,0.0202486840014,0.195167297723,0.535536338032,0.231215613168,16.197785767,0.296692477446,0.296692477446,0.171411001583,0,0.225056641595,0.171411001583,1.06246301342,0.0885572292992,0.573939278981,0.0791342890258,0.0540849544749,0.0250493345509,0.0553364267938,1.03146924921,0.969490850811,0.0400452159074,0.0256289513612,0.29274351229,0.225056641595,0.304190930621,0.215633701322,0.440145468024,0.578431908255,0.526189557317,0.174341639175,2.49335932447,1.60862813455,0.973315595861,2.23848274219,0.00341149039088,0,0.703307522554,23.6194626753,1.0128259737,0,1.19059853029e-16,8.40422491968e-17,1.11022302463e-15,0,B6: SSM hybrid,ok,high_money_demand,0.021122692929,0.143490580468,0.246398618945,True,False,3.944627224e-16,0
50,2077,0.80173479641,6.48099859857,6.48099859857,6.5640158265,15.9077060449,2.45451465587,0.0202819810422,0.195167297723,0.535536338032,0.231215613168,16.1971817127,0.296692477446,0.296692477446,0.171411001583,0,0.279535785092,0.171411001583,1.05829909091,0.103984332285,0.673922311809,0.0400752112794,0.0289701650002,0.0111050462792,0.055120596232,0.554548024831,1.80327033047,0.0400532274788,0.0211292124877,0.363607521016,0.279535785092,0.319610996371,0.215626664087,0.421846319196,0.585624822128,0.536418816207,0.17895594028,2.40135167938,1.60658117009,0.986668430687,2.26792102981,0.00296022907033,0,0.703307522554,23.6128100048,1.01280932663,0,7.67706747687e-17,2.79166090068e-17,1.33226762955e-15,0,B6: SSM hybrid,ok,high_opportunity_elasticity,0.0212580531487,0.159132194575,0.301277876502,True,False,3.79781711904e-16,0
50,2077,0.80173479641,6.48099859857,6.48099859857,6.56420627621,17.3160833074,2.67182333772,0.0202816563327,0.195167297723,0.535536338032,0.231215613168,16.1982480167,0.296692477446,0.296692477446,0.171411001583,0,0.285776155774,0.171411001583,1.05813594769,0.105755636167,0.68540212979,0.0356062131044,0.0260473726231,0.00955884048128,0.0552842858068,0.497200653216,2.01126043084,0.0400543548353,0.020288175579,0.371724713286,0.285776155774,0.321382368878,0.215626732711,0.419593557737,0.586884950716,0.538018598831,0.179679590048,2.39087242343,1.6063485592,0.988281558833,2.27229301041,0.00291887343689,0,0.703307522554,23.6247848849,1.01283871249,0,1.95551162754e-16,1.28230270659e-16,2.22044604925e-16,0,B6: SSM hybrid,ok,high_alternative_return,0.040252977368,0.154506213407,0.307793061427,True,False,3.39237633412e-16,0
50,2077,0.80173479641,6.48099859857,6.48099859857,6.55780133558,21.3552711508,3.29505875153,0.0202718770247,0.195167297723,0.535536338032,0.231215613168,16.1624144144,0.296692477446,0.296692477446,0.171411001583,0,0.271262758086,0.171411001583,1.05858557266,0.101634880586,0.658695518643,0.046000921994,0.0328914056517,0.0131095163423,0.0552991754223,0.627681570253,1.59316450791,0.0400514100506,0.0220405735039,0.352846341226,0.271262758086,0.31726368008,0.215628799494,0.424782511386,0.58413459352,0.53447133145,0.178074678875,2.41524177644,1.60689665509,0.984613621691,2.26254658631,0.00302121910203,0,0.703307522554,23.3959253073,1.01185044802,0,5.19882429393e-18,8.31811887029e-17,6.66133814775e-16,0,B6: SSM hybrid,ok,supply_shock,0.276572578017,0.151280300458,0.291658859125,False,False,3.4053933473e-16,0
50,2077,0.80173479641,6.48099859857,6.48099859857,6.56358131776,21.5481046326,3.3248124197,0.0202930581747,0.195167297723,0.535536338032,0.231215613168,16.1947491933,0.296692477446,0.296692477446,0.171411001583,0,0.298328741169,0.171411001583,1.05793480678,0.109340632098,0.708636483395,0.0266362139978,0.0200217910239,0.0066144229739,0.0552621386163,0.382327549093,2.61555831478,0.040058502577,0.0182564666075,0.388052549295,0.298328741169,0.324964955166,0.215624323068,0.414946101975,0.58974115732,0.541502363578,0.181262347656,2.36994569012,1.60586924826,0.991501611991,2.28175167632,0.00284803402073,0,0.703307522554,23.5997766184,1.01274228314,0,-5.66753015131e-17,-8.24368022009e-17,1.33226762955e-15,0,B6: SSM hybrid,ok,money_demand_shock,0.256888012435,0.156727044996,0.312140224476,False,False,3.4053933473e-16,0
50,2077,0.80173479641,6.48099859857,6.48099859857,6.56420627621,767.552060653,118.431141279,0.102461128576,0.195167297723,0.535536338032,0.231215613168,16.1982480167,0.296692477446,0.296692477446,0.171411001583,0,0.252659571126,0.171411001583,1.05952856435,0.0979977151067,0.635123054269,0.0648470171078,0.0534285430229,0.0114184740849,0.140285475609,0.434284385662,2.30263862348,0.0647042678635,0.0299810920734,0.328648156041,0.252659571126,0.317506588234,0.219508873127,0.429939200203,0.589243949474,0.54055727237,0.180748958547,2.45728456945,1.61882863192,0.976017620425,2.2496106287,0.00290673290673,0,0.703307522554,23.6247848849,1.01283871249,0,1.57373383867e-16,0,2.22044604925e-16,0,B6: SSM hybrid,ok,optimistic_forecast,0.103720010148,0.151201130899,0.277367457646,False,False,3.20911239866e-16,0
50,2077,0.80173479641,6.48099859857,6.48099859857,6.56420627621,57.5574825121,8.88095895049,0.0203839530542,0.195167297723,0.535536338032,0.231215613168,16.1982480167,0.296692477446,0.296692477446,0.171411001583,0,0.265220466715,0.171411001583,1.06192039725,0.10020994211,0.649460494378,0.0505945908433,0.0380344864627,0.0125601043806,0.0661849300907,0.612704375977,1.63210846733,0.0400954992941,0.0218562075546,0.344986801577,0.265220466715,0.315815057559,0.215605115448,0.427015804057,0.585332653523,0.535480825855,0.178429967303,2.42652613069,1.60701107741,0.981880257812,2.25619373095,0.00305833925612,0,0.703307522554,23.6247848849,1.01283871249,0,9.25869285038e-17,0,8.881784197e-16,0,B6: SSM hybrid,ok,fiscal_capacity_limit,0.0951875069575,0.133466106019,0.268795936975,False,False,2.8743026589e-16,39
5,2032,0.0447331081546,1.12177483748,1.12177483748,1.12177483748,193835.452252,172793.546241,4485.77909285,0.558528108086,0.974085067384,0.221118327704,3.24912523583,0,0,0,0,0,0,0,2.90298946634e-06,3.2565005368e-06,5.19359361408e-05,5.16919486919e-05,2.43987448525e-07,3.72420944682,6.55719276324e-05,15250.428592,0.15,0.0175783731063,0,0,5.19359361408e-05,4.90329466745e-05,0.431693244036,0.81410250402,0.732777841873,0.257706453524,0.615133584919,0.265835767346,-0.451409933402,0.615100108397,0.00727367486455,0,1,1.03068409566,1,0,-3.65855249485e-16,-1.1410409577e-16,1.33226762955e-15,0,B6: SSM hybrid,nominal_collapse,no_tax,4485.77909285,0.00807513428081,0,False,False,3.65855249485e-16,0
10,2037,0.121389218408,1.31360502014,1.31360502014,1.31360502014,8588384904.42,6538026859.46,7999508.60197,0.521733175164,0.92967639529,0.22303473046,3.60206013399,0,0,0,0,0,0,0,2.66222531447e-09,3.49711253784e-09,1.14127617202e-08,1.14127617905e-08,0,14.8403434487,1.21817980213e-08,82089688.0945,0.15,0,0,0,1.14127617202e-08,8.75053640573e-09,0.451830303082,0.81411236499,0.73278738116,0.257710898874,0.693893539664,0.300426073207,-0.32708494042,0.693893531327,0.00850359106581,0,1,2.19462528084,1,0,7.02574795886e-17,8.32102900446e-18,1.33226762955e-15,0,B6: SSM hybrid,nominal_collapse,no_tax_7pct_services,7999508.60197,0.00945350725934,0,False,False,3.26026151835e-16,0
14,2041,0.211005241898,1.54255874646,1.54255874646,1.54255874646,71818.1443722,46557.8017932,169.533369293,0.478717483889,0.877759743265,0.225275131047,4.00563253373,0,0,0,0,0,0,0,0,0,0.000410476848549,0.000408930224216,1.54662433297e-06,2.7354914714,0.000558420810639,1790.76420675,0.15,0.0103459647191,0,0,0.000410476848549,0.000410476848549,0.476413153246,0.814037848352,0.732718165314,0.257682346597,0.774758711768,0.327641878538,-0.209942894444,0.774377641978,0.00140733522217,0,1,3.31595410599,1,0,2.31659538175e-16,-1.68191849198e-18,1.33226762955e-15,0,B6: SSM hybrid,nominal_collapse,no_tax_7pct_low_floor,169.533369293,0,0,False,False,2.31659538175e-16,0
14,2041,0.211005241898,1.54255874646,1.54255874646,1.54255874646,49072377334.7,31812323159.3,6076389.11749,0.478717483889,0.877759743265,0.225275131047,4.00563253373,0,0,0,0,0,0,0,2.31607121162e-10,3.57267590492e-10,1.17516047919e-08,1.17516050134e-08,0,27.2717126303,1.21825132285e-08,82084868.7986,0.15,0,0,0,1.17516047919e-08,1.15199976707e-08,0.476413152811,0.814113126895,0.732788521457,0.257712023143,0.774758711768,0.327641878538,-0.20951296494,0.774758700705,0.00140733499057,0,1,3.31595410599,1,0,2.21482703659e-16,4.75500554553e-17,1.33226762955e-15,0,B6: SSM hybrid,nominal_collapse,no_tax_7pct_targeted,6076389.11749,0.000791819775382,0,False,False,2.53552618223e-16,0
50,2077,0.80173479641,6.48099859857,6.48099859857,6.4839787478,4.86003029168,0.749889113192,-0.00665793463409,0.195167297723,0.535536338032,0.231215613168,15.7532081992,0.296692477446,0.296692477446,0.171411001583,0,0,0.171411001583,1.06524145848,0,0,0.0704691791888,0.0374068362635,0.0330623429252,0.0315101179574,1.22454413337,0.816630428211,0.04,0.0278504794734,0,0,0.0704691791888,0.0704691791888,0.516535324871,0.601948709219,0.540976189697,0.179146005368,2.70176836436,1.42051021295,1.07514726931,2.49448057741,0.0005237314522,0,0.703307522554,22.9866295202,1.00045982871,0,2.05595574964e-16,5.71098819346e-17,5.55111512313e-16,0,B6: SSM hybrid,ok,no_tax_7pct_high_balances,0.0703348702814,0,0,False,True,3.61724537362e-16,0
50,2077,0.80173479641,6.48099859857,6.48099859857,6.56406064482,16.2235322737,2.50324576174,0.0206287530319,0.195167297723,0.535536338032,0.231215613168,16.1974326399,0.296692477446,0.296692477446,0.171411001583,0,0.362113023774,0.171411001583,1.22212578782,0.191486117026,1.24102125609,0.0449264953548,0.0325935949054,0.0123329004494,0.0556118041366,0.618684900725,1.61633167195,0.0401933087087,0.0210426265105,0.471020262608,0.362113023774,0.407039519129,0.215553402103,0.36870041395,0.604891010222,0.52996674189,0.175028706966,2.77727736113,1.59464892864,1.05183115328,2.59215458694,0.00214469169808,0,0.703307522554,23.6154166158,1.01281624197,0,4.10597275326e-17,5.47463033768e-17,4.4408920985e-16,0,B6: SSM hybrid,ok,low_coverage,0.0212599035609,0.191486117026,0.316393778312,True,False,3.98088315482e-16,0
50,2077,0.80173479641,6.48099859857,6.48099859857,6.56406064482,16.1944938098,2.49876520778,0.0206104228901,0.195167297723,0.535536338032,0.231215613168,16.1974326399,0.296692477446,0.296692477446,0.171411001583,0,0.292707493877,0.171411001583,0.845266562982,0.122504222735,0.793949695863,0.0453540022948,0.032418567404,0.0129354348909,0.0554067900558,0.617519551802,1.61938192415,0.0401841103298,0.0221080381606,0.380740684763,0.292707493877,0.338061496172,0.215557273437,0.435699280566,0.624159670127,0.574386541248,0.19234036518,2.3438136493,1.60388601066,0.966241864965,2.19892328553,0.00279082426542,0,0.703307522554,23.6154166158,1.01281624197,0,1.57677849437e-16,0,6.66133814775e-16,0,B6: SSM hybrid,ok,score_attack,0.021259349614,0.155312938162,0.297455671006,True,False,4.46240936423e-16,0
50,2077,0.80173479641,6.48099859857,6.48099859857,6.56406064482,15.9826141758,2.46607277146,0.0201314150854,0.195167297723,0.535536338032,0.231215613168,16.1974326399,0.296692477446,0.296692477446,0.171411001583,0,0.312646390605,0.171411001583,0.697515899252,0.143279174332,0.928592128048,0.0462912731598,0.0329875079573,0.0133037652025,0.0554052226111,0.628373762225,1.59140954017,0.0400399827638,0.0223447637682,0.406676300871,0.312646390605,0.358937663764,0.215658489433,0.441468903141,0.659729278938,0.597573472791,0.20357313445,2.33039913078,1.60155577607,0.961611594514,2.18770301825,0.00254755337503,0,0.703307522554,23.6154166158,1.01281624197,0,2.08393260154e-16,2.77857680205e-17,3.33066907388e-16,0,B6: SSM hybrid,ok,consumption_scores,0.0212581811671,0.161550563434,0.302590469276,True,False,3.7971485189e-16,0
50,2077,0.80173479641,6.48099859857,6.48099859857,6.56406064482,16.0014713961,2.46898238793,0.0201505000911,0.195167297723,0.535536338032,0.231215613168,16.1974326399,0.296692477446,0.296692477446,0.171411001583,0,0.271166287033,0.171411001583,0.975971925102,0.101697890297,0.659103884491,0.0461860581509,0.0329836068477,0.0132024513032,0.0554608659808,0.627702175778,1.59311220924,0.04004894179,0.0221994940009,0.352720856039,0.271166287033,0.317352345184,0.215654454887,0.436085543265,0.600691902509,0.549908546189,0.182404256727,2.35741811691,1.60696837676,0.970528397205,2.21928276375,0.00264868277525,0,0.703307522554,23.6154166158,1.01281624197,0,9.71355818477e-17,1.1101209354e-16,1.33226762955e-15,0,B6: SSM hybrid,ok,concave_scores,0.0212581665784,0.151349600213,0.291752740438,True,False,3.4053933473e-16,0
50,2077,0.80173479641,6.48099859857,6.48099859857,6.56406064482,15.9785290855,2.46544245342,0.0200377101022,0.195167297723,0.535536338032,0.231215613168,16.1974326399,0.296692477446,0.296692477446,0.171411001583,0,0.223470312103,0.171411001583,1.11091446104,0.0541637624601,0.351035268597,0.0463717510913,0.0330650908947,0.0133066601966,0.0555170299478,0.62864974169,1.59071090574,0.0400142787097,0.0223421812145,0.290680086551,0.223470312103,0.269842063195,0.215678300735,0.441650441806,0.56033609505,0.527799160705,0.176920985071,2.31364715384,1.61321570669,0.961294419866,2.17843873527,0.00239340063316,0,0.703307522554,23.6154166158,1.01281624197,0,2.22342974112e-16,2.7792871764e-17,8.881784197e-16,0,B6: SSM hybrid,ok,equal_grants_comparator,0.02125806318,0.143935769747,0.279935815337,True,False,3.6529777134e-16,0
50,2077,0.80173479641,6.43062567274,6.43062567274,6.43062567274,15.6608216129,2.4353495927,0.0211119172578,0.195167297723,0.535536338032,0.217973978054,15.371135482,0.579867315345,0.579867315345,0.342188606707,0,0.174305512465,0.342188606707,2.09792477276,0,0,0.0411458952422,0.0280278389208,0.0131180563214,0.045838928172,0.639469686243,1.56379578503,0.0403200650531,0.0214542991764,0.222889657855,0.174305512465,0.215451407707,0.215451407707,0.374003476002,0.425212141521,0.389228318161,0.119420867982,2.84617770445,1.66241805581,1.06375437854,2.67025618457,0.00333735512893,0,0.420132684655,20.078375578,1,0,-5.67133986743e-17,-2.83566993372e-17,4.4408920985e-16,0,B6: SSM hybrid,ok,fast_equity_diffusion,0.021227349657,0.135427927541,0.257954477291,True,False,3.4053933473e-16,0
50,2077,0.80173479641,6.48099859857,6.48099859857,6.62918585114,16.165660253,2.49431627042,0.0201565044809,0.195167297723,0.535536338032,0.237836430725,16.6047109796,0.084830545282,0.084830545282,0.0484892025849,0,0.336825882134,0.0484892025849,0.299694076062,0.166850268882,1.0813563588,0.0456775723469,0.032553056257,0.01312451609,0.0554843478222,0.619260074266,1.61483041061,0.0400525319,0.0223697956341,0.441933852144,0.336825882134,0.382503454481,0.215653185598,0.44425980566,0.707143491198,0.640710011715,0.220605337171,2.23866156635,1.59845328535,0.943575826854,2.12460928652,0.00237542762364,0,0.915169454718,25.8955618562,1.02286487959,0,8.24134374161e-17,-5.49422916107e-17,1.33226762955e-15,0,B6: SSM hybrid,ok,slow_equity_diffusion,0.0214880028407,0.170756299318,0.309657195179,True,False,3.4053933473e-16,0
50,2077,0.80173479641,6.48099859857,6.48099859857,6.56406064482,16.0437415152,2.47550454936,0.0198375772108,0.195167297723,0.535536338032,0.231215613168,16.1974326399,0.0771957637185,0.0771957637185,0.044557053158,0,0.351521728647,0.044557053158,0.145736154509,0.1815851175,1.17685289204,0.0457840142898,0.0330237993975,0.0127602148923,0.0554895166187,0.628159627025,1.5919520405,0.04,0.0214408447618,0.457243584376,0.351521728647,0.397305742937,0.215720625437,0.466265861398,0.752960467123,0.71395328017,0.233607603139,2.15986443344,1.59690373953,0.981379082129,2.21054045237,0.00221589868759,0.027727927114,0.922804236281,25.9744338233,1.01281624197,0,8.99596849431e-17,8.30397091783e-17,1.33226762955e-15,0,B6: SSM hybrid,ok,liquidation_no_vesting,0.0212825540685,0.1815851175,0.311964058689,True,False,4.415621209e-16,0
50,2077,0.80173479641,6.48099859857,6.48099859857,6.56406064482,16.069355551,2.47945672362,0.0199897515653,0.195167297723,0.535536338032,0.231215613168,16.1974326399,0.191102091642,0.191102091642,0.110364205561,0,0.313142455204,0.110364205561,0.620744487197,0.143144648736,0.927720267852,0.0456906351684,0.0330434305268,0.0126472046416,0.0556655442655,0.626649959715,1.59578722459,0.0400155446876,0.0213057033906,0.407321559292,0.313142455204,0.358833090372,0.215688441636,0.446517994989,0.662895202263,0.618287330613,0.204503651309,2.27590515964,1.60170475197,0.996782567967,2.27451820541,0.0025740816054,0.0207885344648,0.808897908358,24.3851794333,1.01281624197,0,-1.38178910922e-16,-2.76357821844e-17,1.33226762955e-15,0,B6: SSM hybrid,ok,liquidation_with_vesting,0.0212580624138,0.152284817839,0.298877849251,True,False,3.79176662387e-16,0
50,2077,0.80173479641,6.73771201808,6.73771201808,6.73771201808,16.6495315523,2.47109575293,0.0202811996081,0.195167297723,0.535536338032,0.231215613168,17.2482983591,0.296692477446,0.296692477446,0.171411001583,0,0.278705000622,0.171411001583,1.10047216322,0.103784441087,0.699269675999,0.0407062697004,0.0274564582066,0.0132498114939,0.0457649554667,0.62740150189,1.59387568724,0.0400549239307,0.0220850420107,0.362526874108,0.278705000622,0.319411270322,0.215626829235,0.422162631068,0.584249220283,0.534702528038,0.178185784318,2.49806521134,1.67024597664,1.02565285999,2.35733791875,0.00298752436499,0,0.703307522554,24.6487543693,1,0,1.66704844088e-16,2.6672775054e-17,5.55111512313e-16,0,B6: SSM hybrid,ok,unconstrained_resources,0.0212580624138,0.149311816825,0.291365631254,True,False,4.42932007132e-16,0
50,2077,0.80173479641,6.86214920198,6.86214920198,6.86214920198,17.2013585302,2.50670132984,0.0203415968103,0.195167297723,0.535536338032,0.24004336991,18.0679346775,0.296692477446,0.296692477446,0.168750322627,0,0.282981900942,0.168750322627,1.10316129194,0.107499316596,0.737676349594,0.0401314812651,0.0272311014145,0.0129003798506,0.0462030709024,0.616609705102,1.62177142482,0.0400817384627,0.0218881034532,0.37236585581,0.282981900942,0.323113382207,0.215614065611,0.416620245705,0.58376347905,0.534558577152,0.178154765963,2.52719969578,1.70053178562,1.03504981128,2.38443970006,0.00290303774573,0,0.703307522554,24.5847991402,1,-1.11022302463e-16,-7.74513028847e-17,-7.74513028847e-17,4.4408920985e-16,0,B6: SSM hybrid,ok,investment_penalty_zero,0.0217181896294,0.150313387944,0.292692909283,True,False,3.4053933473e-16,0
50,2077,0.80173479641,6.22705271074,6.22705271074,6.22705271074,14.5669859647,2.33930667385,0.019997155806,0.195167297723,0.535536338032,0.195904586197,14.1218038434,0.296692477446,0.296692477446,0.18205371741,0,0.261597572147,0.18205371741,1.08278718811,0.0888095721446,0.553021886962,0.0428988759343,0.028227176728,0.0146716992063,0.0439560762999,0.670394974769,1.49165795932,0.04,0.0228471425243,0.325331506257,0.261597572147,0.304496448081,0.215686875937,0.443034359825,0.586368947557,0.53532897383,0.178341070239,2.36643554147,1.54570431285,0.980808922784,2.2407808459,0.00335248284085,0,0.703307522554,24.8309947381,1,-1.11022302463e-16,-7.62150129971e-18,0,8.881784197e-16,0,B6: SSM hybrid,ok,investment_penalty_high,0.021227349657,0.145814329708,0.286117160181,True,False,4.08547410023e-16,0
50,2077,0.80173479641,1.61488819526,1.61488819526,4.28224589006,3.99107130754,2.47142267759,0.0202651756605,0.195167297723,0.535536338032,0.231215613168,5.42625251678,0.296692477446,0.296692477446,0.171411001583,0,0.291307053666,0.171411001583,0.263621984837,0.107313344819,0.173299053742,0.0316365069521,0.0181519217058,0.0134845852463,0.029810668689,0.627058816587,1.59474673435,0.0400509198346,0.0221455617593,0.378919055402,0.291307053666,0.322943560618,0.215630215799,0.417536182596,0.58732964753,0.538655269856,0.180008721096,0.593447893751,0.400210113049,-0.398621866441,0.567536497342,0.00292444295775,0,0.703307522554,11.2257317192,2.65172901915,0,-4.5203712888e-17,2.78176694695e-17,2.22044604925e-16,0,B6: SSM hybrid,ok,very_scarce_resources,0.0212803229927,0.155825771934,0.313651541346,True,False,3.08030866976e-16,0
50,2077,0.886894279428,6.40793127389,6.40793127389,13.2707313944,15.9302307391,2.48601772681,0.0200699773972,0.154290745874,0.486201463818,0.231982048515,16.2051731379,0.466300846222,0.466300846222,0.287786821396,0,0.216463380345,0.287786821396,1.7581575091,0.0465488005597,0.298281514869,0.0457568985204,0.0330015230048,0.0127553755157,0.0558433124367,0.623967953267,1.60264640958,0.0400493441035,0.0215839256893,0.281846771844,0.216463380345,0.262220278865,0.215671478305,0.405023789377,0.489637386433,0.450895995563,0.144532549087,2.57224402432,1.59599631521,0.998796133302,2.39993972406,0.00320194403818,0,0.533699153778,26.6326161273,2.07098528795,0,1.11508544257e-16,-2.78771360644e-17,8.881784197e-16,0,B6: SSM hybrid,ok,fast_ai,0.0226378088944,0.165414568748,0.28397574325,True,False,5.33635524972e-16,0
50,2077,0.39844358301,2.72362461546,2.72362461546,2.72362461546,6.65549417972,2.44361654757,0.0204105361026,0.388747080155,0.769172341675,0.227585992247,7.64158376434,0.0276824415558,0.0276824415558,0.0107848214666,0,0.313457688976,0.0107848214666,0.0277974430496,0.137450482882,0.374363518585,0.0395922925551,0.0263650011125,0.0132272914425,0.0431974234999,0.636702354048,1.57059259109,0.0401080532143,0.0216720988465,0.405815645275,0.313457688976,0.353049981531,0.215599498649,0.402091246808,0.731436613809,0.656622410366,0.226452340596,1.08756873104,0.673265193754,0.161741655727,1.03794708205,0.00301968975592,0,0.972317558444,9.98769633183,1,0,2.25197565015e-16,3.33626022244e-17,0,0,B6: SSM hybrid,ok,slow_ai,0.0206462054467,0.137450482882,0.287266283723,True,False,5.00206806864e-16,0
